t,V,T,W
0.5217695999999705,0.001292377,32.20037185419459,
1.047237299999324,0.001291257,32.172820660484966,
1.572081799999978,0.001288932,32.11562504426742,
2.096790300000066,0.001247629,31.099044186830355,14.52
2.621436200000062,0.001102393,27.51659328733059,
3.1462633999999525,0.000738767,18.495091582271066,68.23
3.67111709999972,0.000506883,12.707115407211939,
4.19650989999991,0.00027748,6.961360702989026,13.5
4.720966199999566,7.3372e-05,1.8407568871357332,
5.245700699999361,-8.135e-06,-0.2048627169052637,16.07
5.770255099999304,-0.000192309,-4.8776447421886315,
6.2949485999997705,-0.000423429,-10.810283613418164,15.06
6.819306999999753,-0.000665647,-17.08827789332741,
7.343779299999369,-0.000819824,-21.11578651154835,11.64
7.868238699999893,-0.000875879,-22.586701850149645,
8.392684999999801,-0.001020992,-26.41252298396491,11.96
8.917026499999338,-0.001111912,-28.82383567331958,
9.441347199999656,-0.001160868,-30.127087661734308,10.6
9.965798399999583,-0.001275722,-33.198779068379324,
10.490021899999192,-0.001338163,-34.87744715161814,9.91
11.014292199999543,-0.001368965,-35.70788121553459,
11.538796199999524,-0.001423764,-37.1892187934009,13.18
12.063051499999348,-0.001486227,-38.884016284251715,10.18
12.587410799999816,-0.001363081,-35.549124457704536,
13.11172759999954,-0.001454859,-38.03206637140664,10.36
13.635917999999949,-0.001623213,-42.62511760483396,
14.16012529999989,-0.001554343,-40.740030696629546,8.49
14.684436699999424,-0.001579062,-41.41563325761266,
15.208857999999964,-0.001697538,-44.669380723001474,6.33
15.733085399999254,-0.001797042,-47.4226351543366,
16.279729899999438,-0.002086512,-55.54441785815867,5.58
16.80157759999929,-0.002354413,-63.21989983620597,
17.326547199999368,-0.002441469,-65.74936838987105,5.49
17.851676599999337,-0.002426403,-65.3103247445425,
18.37659540000004,-0.002490059,-67.16909775312385,5.06
18.90144489999966,-0.00254647,-68.82465218368498,
19.426306499999555,-0.00268443,-72.9078207711377,6.49
19.95125759999973,-0.002684493,-72.90969683480088,
20.476108899999417,-0.002772366,-75.53702327386556,4.68
21.0009330999992,-0.002827405,-77.19367305888828,
21.52583279999999,-0.002941735,-80.66337522301792,4.48
22.050756799999363,-0.003164018,-87.52735257878865,
22.575729299999693,-0.003345794,-93.2684970717589,5.0
23.10066149999966,-0.0034364,-96.17746257131525,
23.62580119999984,-0.003508693,-98.52259763998718,2.47
24.15075119999983,-0.003563754,-100.32371673486293,
24.675520399999183,-0.003591405,-101.23325064795092,-2.91
25.200420799999847,-0.00361269,-101.9357236341878,3.39
25.725341999999728,-0.003650381,-103.1847202028299,-2.15
26.25025310000001,-0.003651354,-103.21705012372578,1.71
26.77509629999986,-0.003685119,-104.34170699304443,1.31
27.300011499999528,-0.003705713,-105.03030761225934,-0.15
27.824953499999538,-0.003743687,-106.30539719390916,1.36
28.3498596999998,-0.003786163,-107.74004235737998,-0.26
28.87468869999975,-0.003798517,-108.15899630246761,-4.52
29.399554999999964,-0.003772406,-107.27441163058779,-0.06
29.92465809999976,-0.003784467,-107.68258690137951,-3.76
30.44942219999939,-0.003782708,-107.62301244730043,-0.91
30.974367699999675,-0.003834062,-109.36874058116372,-2.85
31.49933479999981,-0.003799282,-108.18496463823371,-1.09
32.02418769999986,-0.003801753,-108.26886430982594,-3.07
32.54896379999991,-0.003796821,-108.10143523189143,-4.84
33.073967499999526,-0.003818912,-108.85233273389387,-3.67
33.598767399999815,-0.003861566,-110.30928794764017,-5.51
34.123735499999384,-0.003874905,-110.76686396600054,-3.84
34.64861440000004,-0.003896671,-111.51554019051754,-5.84
35.17366259999926,-0.003916878,-112.21286235152137,-4.55
35.69845319999968,-0.00395859,-113.65932522968626,-6.28
36.22324529999969,-0.004020298,-115.81698048645774,-4.76
36.74815969999963,-0.004034234,-116.30726629983315,-4.26
37.27318979999927,-0.004070972,-117.6051817489635,-4.05
37.79823869999928,-0.004047446,-116.77312158599807,-9.88
38.32319109999935,-0.004073914,-117.70946351124023,-5.67
38.84811949999949,-0.004027397,-116.06659186981665,-9.89
39.3730587,-0.003982628,-114.4972718295353,-5.71
39.89809100000002,-0.003923882,-112.45507794536084,-6.38
40.42314559999977,-0.003815007,-108.71941654835804,-6.24
40.94823079999969,-0.003898933,-111.59349026004833,-6.29
41.473176199999216,-0.00394299,-113.11724002284146,-12.33
41.99824609999996,-0.003995768,-114.9566945106285,-7.28
42.52314299999944,-0.004008614,-115.40678472367685,-12.67
43.04810550000002,-0.004029449,-116.1387974531271,-6.74
43.57302769999933,-0.004020707,-115.83135364750812,-9.13
44.09786339999937,-0.004043081,-116.61909907831064,-7.91
44.62279369999942,-0.004065025,-117.3945418453758,-9.08
45.14763109999967,-0.004087116,-118.17805457975675,-10.78
45.67262499999924,-0.004105585,-118.83534616460952,-10.31
46.19744029999947,-0.004116442,-119.22269789432504,-11.19
46.72231009999996,-0.004122913,-119.45390924964987,-9.24
47.247345399999176,-0.004151874,-120.49185283580505,-13.68
47.77228130000003,-0.004156732,-120.66646987849963,-15.12
48.29708489999939,-0.004165024,-120.96486045393516,-10.0
48.8219067,-0.004176802,-121.38943920412918,-15.87
49.34685209999952,-0.004201877,-122.29628728200048,-10.36
49.87159410000004,-0.004213604,-122.72178307101893,-11.72
50.39638999999988,-0.004234177,-123.4703988312374,-14.78
50.9213194999993,-0.004256488,-124.28539926433255,-12.73
51.4461625999993,-0.00427371,-124.91676809296257,-14.03
51.971044699999766,-0.004279134,-125.1160278164311,-11.5
52.49540579999939,-0.004292033,-125.59069438220111,-14.57
53.019912899999326,-0.004310805,-126.28350925695369,-11.64
53.54422410000007,-0.004324175,-126.778435237558,-18.13
54.06856629999948,-0.00433186,-127.06347881199049,-12.35
54.59293689999959,-0.004343732,-127.50463579957176,-18.58
55.1171746,-0.004353207,-127.85743524123512,-12.56
55.641559400000006,-0.004361112,-128.1522641140302,-13.94
56.165959199999634,-0.004386417,-129.09906694478246,-16.34
56.690221399999245,-0.004392961,-129.34466955784495,-15.77
57.21457909999936,-0.004398008,-129.5343019806104,-15.8
57.73896530000002,-0.004400792,-129.6389859325573,-14.03
58.26338809999925,-0.004418612,-130.31040727459208,-14.45
58.787691300000006,-0.004426757,-130.61807947472278,-20.6
59.31213359999947,-0.004443467,-131.2508470326563,-14.9
59.8366103999997,-0.00445133,-131.54933052213934,-19.79
60.36108849999982,-0.004456,-131.72682899622865,-15.68
60.885640699999385,-0.004469254,-132.23150067364156,-18.64
61.410188599999856,-0.004480771,-132.67113413761246,-15.25
61.93463389999943,-0.00448878,-132.97746696262854,-20.53
62.45914459999949,-0.004500978,-133.44499022715382,-16.22
62.98365529999956,-0.004511583,-133.85241355911472,-16.72
63.5081468999997,-0.004523906,-134.3269665710225,-16.32
64.03262269999959,-0.004544762,-135.1329143495047,-17.91
64.55686889999924,-0.004551023,-135.37555333747918,-20.45
65.08125500000006,-0.004565189,-135.92573591804182,-19.19
65.60561489999964,-0.004581857,-136.5752317446555,-19.43
66.12995409999985,-0.00461358,-137.81787156302843,-18.25
66.65439040000001,-0.004639356,-138.833964658217,-23.61
67.17865489999986,-0.004651815,-139.32719992723946,-18.25
67.70317840000007,-0.004662044,-139.73318971612187,-23.5
68.22751849999986,-0.004676838,-140.3220372629426,-18.53
68.7517973999993,-0.004693443,-140.98535273239298,-22.14
69.27617069999997,-0.00470341,-141.3847278702319,-24.03
69.80042679999951,-0.00471966,-142.03785880049008,-18.88
70.3247953,-0.004729491,-142.43420833390167,-24.87
70.84924179999962,-0.004741552,-142.92172937997188,-19.56
71.37348259999999,-0.004742714,-142.96877310969194,-22.88
71.89784079999936,-0.004751111,-143.30911703786572,-19.58
72.42234189999999,-0.004762355,-143.76593508059608,-24.87
72.94677509999929,-0.004768532,-144.01742329256243,-20.45
73.4712185999997,-0.004777819,-144.39624533075784,-20.96
73.99568069999987,-0.004794791,-145.0907827057873,-20.16
74.51987719999943,-0.00480882,-145.6670991300818,-21.92
75.0442766999995,-0.004824378,-146.3086063560167,-24.53
75.56868419999955,-0.004846249,-147.21472175599467,-21.12
76.09292049999931,-0.004847862,-147.28175001279493,-22.81
76.61732529999972,-0.004852186,-147.46157189497407,-22.28
77.1415723,-0.004869147,-148.16888278229925,-27.9
77.66595009999946,-0.004896159,-149.30188111215506,-22.41
78.19037159999971,-0.004897499,-149.35829882606137,-27.79
78.71455239999977,-0.004892756,-149.15869635553972,-21.92
79.2389119999998,-0.004890913,-149.0812045892395,-25.91
79.76330400000006,-0.004904807,-149.66634359754048,-28.02
80.28767879999941,-0.00491625,-150.14990875581205,-22.85
80.81196329999966,-0.004930646,-150.76040863350994,-29.44
81.33648959999937,-0.004955617,-151.8251409194945,-23.08
81.86099739999918,-0.004973164,-152.57779409858932,-25.99
82.38552600000003,-0.004985591,-153.11310944555376,-26.36
82.91021139999975,-0.004987078,-153.17729259356636,-28.94
83.43462739999995,-0.004995883,-153.55790656566217,-24.38
83.95903399999952,-0.00500806,-154.08588878255577,-24.82
84.48352129999967,-0.005023701,-154.7668403511944,-23.97
85.00801389999924,-0.005036003,-155.30464902140096,-25.74
85.53242019999925,-0.005037951,-155.38999178389193,-28.89
86.05670989999999,-0.005046054,-155.74552556815482,-24.32
86.58100839999952,-0.005060283,-156.371966182163,-27.11
87.10526109999955,-0.005072511,-156.9124963068419,-25.26
87.62955059999967,-0.005078416,-157.17425491097677,-30.91
88.15378039999996,-0.005085305,-157.48024121016385,-28.16
88.67811139999958,-0.005092592,-157.8046243361668,-28.81
89.20246059999954,-0.005100811,-158.1713906459049,-25.98
89.72662199999922,-0.00510479,-158.3492937957192,-32.05
90.25096200000009,-0.005122714,-159.1534966976946,-26.73
90.77521049999996,-0.005137675,-159.8283334604809,-26.25
91.29949529999976,-0.005146407,-160.22373159260033,-29.47
91.82374199999958,-0.00515316,-160.53030008908448,-26.36
92.34803179999926,-0.005158929,-160.79274281381817,-32.92
92.87241929999982,-0.005162363,-160.94920206558206,-26.6
93.39660119999915,-0.005174937,-161.52363918818014,-33.05
93.9209140999992,-0.005183804,-161.93019616583632,-26.91
94.44529389999934,-0.005198943,-162.627185444549,-32.43
94.96955789999993,-0.005209706,-163.12493067032997,-29.1
95.4936665999994,-0.005217548,-163.48877195286676,-33.96
96.01808399999936,-0.005223484,-163.76485013440993,-28.28
96.54224859999977,-0.005233473,-164.23074340283512,-31.53
97.06660469999952,-0.005236373,-164.36631236560376,-28.42
97.59075080000002,-0.005247408,-164.8834687358832,-34.15
98.11509039999964,-0.005253794,-165.18369293910354,-28.67
98.63934679999966,-0.005257176,-165.3429732018514,-30.27
99.16363589999946,-0.005261458,-165.54492284956453,-28.58
99.6878928999995,-0.005264777,-165.70167329371745,-32.7
100.2120949,-0.005279487,-166.39871685452917,-30.68
100.7364177999998,-0.005288167,-166.81181871386062,-35.47
101.26065299999937,-0.00529782,-167.27281436701398,-29.41
101.78494769999998,-0.005302332,-167.48887137999918,-32.7
102.30925429999934,-0.00530718,-167.72143203349037,-34.94
102.8336491,-0.005312289,-167.96698036901435,-30.72
103.35782219999965,-0.005326434,-168.64934526527549,-31.88
103.88223010000002,-0.005333584,-168.99569687114467,-30.66
104.40661479999926,-0.005339584,-169.28709186835493,-34.41
104.93087119999927,-0.005349635,-169.7767771153846,-32.58
105.45526919999976,-0.005353634,-169.97215329297993,-32.52
105.97941449999962,-0.005359162,-170.24274573286218,-31.28
106.50374949999969,-0.005363308,-170.44608471582904,-34.48
107.02810099999988,-0.005365915,-170.5741182178006,-33.83
107.5523091999994,-0.005368805,-170.71620811701885,-36.94
108.07645569999931,-0.005367758,-170.66471204433736,-32.22
108.60078089999934,-0.005367234,-170.63894761719826,-33.47
109.12492359999942,-0.005365946,-170.57564148375937,-35.13
109.6491266999992,-0.005362146,-170.38906062208454,-37.0
110.17337839999982,-0.005362345,-170.39882447063704,-33.55
110.6976440999997,-0.005358492,-170.20991765831891,-33.57
111.22195629999987,-0.005361465,-170.35565357572824,-37.0
111.74627819999932,-0.005356911,-170.1324881952018,-36.1
112.27052039999944,-0.005358461,-170.20839896123294,-33.95
112.7948452999999,-0.005362041,-170.38390915825133,-34.28
113.3190842999993,-0.005372019,-170.87442352984164,-36.58
113.84344389999931,-0.005377526,-171.1459979620401,-35.88
114.3676593,-0.005391744,-171.8499919466177,-34.85
114.89191899999967,-0.00541439,-172.97991577681896,-34.34
115.41640599999936,-0.00541951,-173.23687535583505,-37.87
115.9405012999996,-0.005478842,-176.2565075208456,-35.77
116.46473029999925,-0.005484077,-176.52676256559516,-39.31
116.98912109999948,-0.005527285,-178.78227050036213,-34.43
117.51342279999972,-0.00551401,-178.08449261357467,-38.07
118.0375314999992,-0.005548571,-179.91030771644017,-35.98
118.56190539999989,-0.005561857,-180.6202499060383,-39.99
119.0861133999997,-0.005572651,-181.20041910110274,-35.59
119.61032979999982,-0.00557062,-181.09101998634836,-38.11
120.13463259999936,-0.005583089,-181.76439015812895,-35.82
120.65897539999968,-0.00566623,-186.36497486916147,-40.6
121.1832332999993,-0.005648201,-185.35038122964158,-36.62
121.70752489999995,-0.005745329,-190.93644606762768,-39.08
122.23172419999992,-0.00575405,-191.45307892729934,-36.91
122.7560469,-0.00577879,-192.93307475300432,-41.15
123.28033219999998,-0.005812471,-194.98330900410838,-40.09
123.8045422999994,-0.0058131,-195.02199691665666,-36.38
124.32884899999954,-0.00580353,-194.4349774367339,-41.51
124.85314440000002,-0.005807268,-194.6638573978926,-37.36
125.37750979999964,-0.005811299,-194.91126246906927,-40.58
125.9017162,-0.005796484,-194.0049546352526,-36.73
126.4261020999993,-0.005812922,-195.011047157358,-41.54
126.95035839999946,-0.005808838,-194.76014479235465,-37.7
127.47463829999924,-0.005804975,-194.5233939919339,-40.74
127.99880969999958,-0.005813654,-195.05608413988818,-37.7
128.5230718999992,-0.005809739,-194.81544435066863,-42.39
129.0473523999999,-0.005809781,-194.81802287407322,-38.85
129.57163059999948,-0.005813738,-195.0612536091678,-42.01
130.09586409999974,-0.005817277,-195.27929027836402,-38.18
130.62017209999976,-0.005818209,-195.33678932976284,-42.82
131.14450289999968,-0.005814345,-195.09861708405958,-39.06
131.66874430000007,-0.005816042,-195.20314854988806,-41.83
132.19298489999983,-0.005817235,-195.27669989458752,-39.0
132.71729229999983,-0.005816628,-195.23927014069454,-40.15
133.24140589999934,-0.005816429,-195.22700213688324,-40.65
133.76585199999954,-0.005819455,-195.41371186087312,-40.03
134.2902357999992,-0.005818826,-195.37487281392674,-40.22
134.8144061999992,-0.005821067,-195.51331717603253,-42.22
135.33882259999973,-0.005821088,-195.51461541658236,-41.74
135.86296999999922,-0.005824595,-195.7316576761538,-43.73
136.38725759999943,-0.005824773,-195.74268633206924,-40.36
136.91151379999974,-0.005827694,-195.92384142424106,-41.36
137.4358887999997,-0.005828385,-195.9667439416313,-42.35
137.96030100000007,-0.005831757,-196.17636741861088,-43.17
138.4843938999993,-0.005833809,-196.30414713185206,-42.35
139.00879019999957,-0.00583695,-196.50005655001118,-42.53
139.5330626999994,-0.005829066,-196.0090435742086,-43.17
140.05733509999936,-0.005844561,-196.9763667543476,-47.16
140.5814537999995,-0.005857198,-197.77227239863169,-45.1
141.1057596999999,-0.005862998,-198.13971072437872,-49.58
141.63000199999988,-0.00586415,-198.21285354161364,-48.24
142.15432819999933,-0.005866579,-198.36725240646544,-50.85
142.67851659999997,-0.005868411,-198.48386212128307,-48.53
143.20285739999963,-0.005870254,-198.60131040134942,-52.81
143.7270856999994,-0.005871008,-198.64940042143678,-47.49
144.2514881999996,-0.005871762,-198.69751376490586,-52.75
144.77588389999983,-0.005871625,-198.68876995017763,-51.84
145.30024779999985,-0.005871112,-198.656035357439,-49.51
145.82450960000006,-0.00587106,-198.65271783396742,-52.2
146.3486411999993,-0.005870045,-198.58798453402747,-49.83
146.8728943999995,-0.005869929,-198.5805891311146,-51.22
147.39705689999937,-0.005869751,-198.56924208456167,-50.06
147.9214508999994,-0.005870086,-198.59059855828167,-52.16
148.4456565999999,-0.005869647,-198.5626129499877,-51.25
148.97000189999926,-0.005869867,-198.57663664178497,-51.13
149.49444569999923,-0.005870118,-198.59263882018496,-50.59
150.0187581999999,-0.005870683,-198.6286691060731,-52.02
150.5430426999992,-0.005871092,-198.65475937374313,-51.72
151.0671757,-0.005871667,-198.69145045378724,-50.96
151.59137369999917,-0.005871971,-198.71085435418328,-50.86
152.11559549999947,-0.005872505,-198.74494803048407,-50.4
152.6397348999999,-0.005872599,-198.7509507523719,-51.54
153.16406149999966,-0.005873039,-198.77905343135734,-50.49
153.6883597999995,-0.00587306,-198.7803948947223,-51.3
154.2126447999999,-0.005873311,-198.79642998075437,-50.55
154.73684709999998,-0.005873845,-198.83055309588715,-51.61
155.26126149999982,-0.005874243,-198.85599332027112,-50.64
155.78562209999927,-0.005874337,-198.86200276856619,-50.99
156.31012409999948,-0.005874578,-198.87741163551706,-51.58
156.83428000000004,-0.005874609,-198.87939386280536,-50.78
157.35857880000003,-0.005875028,-198.9061897917288,-50.94
157.88297879999936,-0.005875164,-198.9148888343511,-51.09
158.40724069999942,-0.005875175,-198.9155924667584,-51.14
158.93134779999946,-0.005875625,-198.9443817115626,-50.79
159.45563069999935,-0.005875531,-198.93836726723552,-50.85
159.97983440000007,-0.005875782,-198.95442792718325,-51.32
160.50411529999928,-0.005876033,-198.9704911901427,-51.08
161.02816299999995,-0.005876086,-198.97388336745328,-51.42
161.55238519999966,-0.00587619,-198.980540052857,-50.85
162.07678829999986,-0.005875991,-198.96780313209032,-51.45
162.60102299999926,-0.005876274,-198.98591693288586,-50.94
163.12532439999995,-0.005876483,-198.9992963885482,-51.32
163.6495003,-0.005876389,-198.99327861080957,-50.83
164.17386609999994,-0.005876557,-199.0040340451366,-51.2
164.6981012999995,-0.005876599,-199.0067230861247,-51.19
165.22228819999964,-0.005877091,-199.03822871592436,-50.98
165.74666999999954,-0.005876944,-199.02881439908143,-50.97
166.27099309999994,-0.00587707,-199.03688375875447,-51.2
166.79531679999943,-0.005877091,-199.03822871592436,-50.98
167.31953739999972,-0.005877133,-199.04091868503426,-51.17
167.84390600000006,-0.005877143,-199.0415591646339,-50.98
168.3684272999999,-0.005877311,-199.05231984097662,-51.31
168.8928421999999,-0.005877311,-199.05231984097662,-50.93
169.4459866999996,-0.005877363,-199.05565076336828,-51.18
169.9674785999996,-0.005877447,-199.061031720716,-50.98
170.49156239999957,-0.00587752,-199.06570826623945,-51.1
171.01589019999938,-0.005877426,-199.0596864539819,-50.89
171.54001659999994,-0.005877551,-199.06769426330388,-50.93
172.0641487999992,-0.005877667,-199.0751260894013,-51.09
172.58823869999924,-0.005877468,-199.06237700571654,-51.06
173.11242390000007,-0.005877562,-199.06839898150903,-50.98
173.6366097,-0.005877719,-199.0784577786246,-50.94
174.16064879999976,-0.005877991,-199.09588690213806,-51.15
174.68479819999993,-0.005877782,-199.08249439836337,-51.06
175.20907309999984,-0.005877834,-199.08582633538606,-51.0
175.73317169999973,-0.005878054,-199.09992423210218,-50.96
176.25757489999978,-0.005878023,-199.0979375888598,-51.1
176.78166489999967,-0.005878064,-199.10056509325946,-51.0
177.30573860000004,-0.005878012,-199.09723266051125,-50.9
177.83010259999992,-0.005877792,-199.08313514678088,-51.06
178.35409720000007,-0.005878043,-199.0992192896172,-50.93
178.8782609,-0.005878023,-199.0979375888598,-50.97
179.40235829999983,-0.005877981,-199.09524607124266,-50.97
179.92668579999918,-0.005878148,-199.1059484906601,-51.12
180.4510904999997,-0.005878043,-199.0992192896172,-51.09
180.97532539999972,-0.005878389,-199.1213953380555,-51.04
181.4996526999994,-0.005878305,-199.11601110119082,-51.07
182.0239103999993,-0.005878399,-199.12203633812842,-51.02
182.5482560999999,-0.005878274,-199.11402413532122,-51.1
183.0722928999994,-0.005878295,-199.1153701401043,-50.96
183.59633719999965,-0.005878682,-199.1401783600754,-50.94
184.12068159999944,-0.005878473,-199.1267798675844,-50.89
184.6448727999996,-0.005878221,-199.11062715695294,-50.98
185.16919419999977,-0.005878399,-199.12203633812842,-50.9
185.6933224999993,-0.00587864,-199.1374856945473,-51.02
186.2173860999992,-0.005878577,-199.1334468334907,-50.96
186.7415853999992,-0.005878525,-199.13011329444905,-51.03
187.2660111999994,-0.005878567,-199.1328057595779,-51.03
187.7902529999992,-0.005878358,-199.11940826418868,-51.02
188.3143532999993,-0.005878441,-199.1247285837286,-50.97
188.8387172999992,-0.005878441,-199.1247285837286,-50.93
189.36287439999975,-0.005878515,-199.12947224210941,-50.9
189.88712869999927,-0.005878693,-199.14088359409484,-50.9
190.41133489999996,-0.005878577,-199.1334468334907,-50.9
