sensor,indice_multimetro,voltaje_V,error,tiempo_s,fecha_hora_corregida,fecha_hora_pc_sin_corregir,correccion_reloj_s
multimetro,0,-7.8e-06,,0.41545350000023973,2026-05-28T08:52:59.935,2026-05-28T09:08:29.935,-930
multimetro,1,2.8917e-05,,0.631442600000355,2026-05-28T08:53:00.149,2026-05-28T09:08:30.149,-930
multimetro,2,8.941e-06,,0.8463197000000946,2026-05-28T08:53:00.363,2026-05-28T09:08:30.363,-930
multimetro,3,8.983e-06,,1.0613474000001588,2026-05-28T08:53:00.578,2026-05-28T09:08:30.578,-930
multimetro,4,1.5108e-05,,1.2765598000000864,2026-05-28T08:53:00.795,2026-05-28T09:08:30.795,-930
multimetro,5,5.706e-06,,1.49156290000019,2026-05-28T08:53:01.002,2026-05-28T09:08:31.002,-930
multimetro,6,-3.8612e-05,,1.7151480000002266,2026-05-28T08:53:01.232,2026-05-28T09:08:31.232,-930
multimetro,7,-9.8646e-05,,1.9650136000000202,2026-05-28T08:53:01.482,2026-05-28T09:08:31.482,-930
multimetro,8,-6.0191e-05,,2.2148111999999855,2026-05-28T08:53:01.725,2026-05-28T09:08:31.725,-930
multimetro,9,0.000136568,,2.4647549999999683,2026-05-28T08:53:01.976,2026-05-28T09:08:31.976,-930
multimetro,10,4.0235e-05,,2.714863200000309,2026-05-28T08:53:02.229,2026-05-28T09:08:32.229,-930
multimetro,11,9.192e-06,,2.964806000000408,2026-05-28T08:53:02.479,2026-05-28T09:08:32.479,-930
multimetro,12,-9.7201e-05,,3.2149050000002717,2026-05-28T08:53:02.728,2026-05-28T09:08:32.728,-930
multimetro,13,-0.00011412,,3.4649827000002915,2026-05-28T08:53:02.983,2026-05-28T09:08:32.983,-930
multimetro,14,-0.000126935,,3.714985600000091,2026-05-28T08:53:03.232,2026-05-28T09:08:33.232,-930
multimetro,15,-0.000132547,,3.964595400000235,2026-05-28T08:53:03.482,2026-05-28T09:08:33.482,-930
multimetro,16,-0.000135793,,4.21528330000001,2026-05-28T08:53:03.728,2026-05-28T09:08:33.728,-930
multimetro,17,-6.1028e-05,,4.464709100000164,2026-05-28T08:53:03.983,2026-05-28T09:08:33.983,-930
multimetro,18,-6.3206e-05,,4.714830000000347,2026-05-28T08:53:04.228,2026-05-28T09:08:34.228,-930
multimetro,19,-2.8645e-05,,4.964624800000365,2026-05-28T08:53:04.476,2026-05-28T09:08:34.476,-930
multimetro,20,-3.5911e-05,,5.21513240000013,2026-05-28T08:53:04.728,2026-05-28T09:08:34.728,-930
multimetro,21,-3.9052e-05,,5.464596700000129,2026-05-28T08:53:04.982,2026-05-28T09:08:34.982,-930
multimetro,22,-2.5023e-05,,5.714905499999986,2026-05-28T08:53:05.229,2026-05-28T09:08:35.229,-930
multimetro,23,-5.9374e-05,,5.96518210000022,2026-05-28T08:53:05.482,2026-05-28T09:08:35.482,-930
multimetro,24,-5.5825e-05,,6.214918900000157,2026-05-28T08:53:05.725,2026-05-28T09:08:35.725,-930
multimetro,25,1.0648e-05,,6.464811300000292,2026-05-28T08:53:05.979,2026-05-28T09:08:35.979,-930
multimetro,26,3.1053e-05,,6.714868700000352,2026-05-28T08:53:06.229,2026-05-28T09:08:36.229,-930
multimetro,27,0.000702437,,6.9650807000002715,2026-05-28T08:53:06.478,2026-05-28T09:08:36.478,-930
multimetro,28,0.000153895,,7.215186800000083,2026-05-28T08:53:06.728,2026-05-28T09:08:36.728,-930
multimetro,29,-0.001789379,,7.46509690000039,2026-05-28T08:53:06.978,2026-05-28T09:08:36.978,-930
multimetro,30,0.000467119,,7.714899200000218,2026-05-28T08:53:07.234,2026-05-28T09:08:37.234,-930
multimetro,31,0.00034836,,7.964939800000138,2026-05-28T08:53:07.478,2026-05-28T09:08:37.478,-930
multimetro,32,0.000229005,,8.214974800000164,2026-05-28T08:53:07.735,2026-05-28T09:08:37.735,-930
multimetro,33,0.000201847,,8.464545700000144,2026-05-28T08:53:07.978,2026-05-28T09:08:37.978,-930
multimetro,34,0.000102991,,8.71514070000012,2026-05-28T08:53:08.234,2026-05-28T09:08:38.234,-930
multimetro,35,0.000107346,,8.964568500000041,2026-05-28T08:53:08.478,2026-05-28T09:08:38.478,-930
multimetro,36,5.9604e-05,,9.214554200000293,2026-05-28T08:53:08.734,2026-05-28T09:08:38.734,-930
multimetro,37,-0.001413284,,9.464729900000293,2026-05-28T08:53:08.978,2026-05-28T09:08:38.978,-930
multimetro,38,0.000361877,,9.71457190000001,2026-05-28T08:53:09.234,2026-05-28T09:08:39.234,-930
multimetro,39,0.000544899,,9.964958400000341,2026-05-28T08:53:09.478,2026-05-28T09:08:39.478,-930
multimetro,40,0.000130903,,10.214992300000176,2026-05-28T08:53:09.735,2026-05-28T09:08:39.735,-930
multimetro,41,0.000126056,,10.464540000000397,2026-05-28T08:53:09.978,2026-05-28T09:08:39.978,-930
multimetro,42,6.8085e-05,,10.71512120000034,2026-05-28T08:53:10.235,2026-05-28T09:08:40.235,-930
multimetro,43,6.7153e-05,,10.964536000000408,2026-05-28T08:53:10.478,2026-05-28T09:08:40.478,-930
multimetro,44,3.9565e-05,,11.21517270000004,2026-05-28T08:53:10.735,2026-05-28T09:08:40.735,-930
multimetro,45,4.5502e-05,,11.46510840000019,2026-05-28T08:53:10.978,2026-05-28T09:08:40.978,-930
multimetro,46,4.5114e-05,,11.741961300000185,2026-05-28T08:53:11.261,2026-05-28T09:08:41.261,-930
multimetro,47,1.9505e-05,,11.964559000000008,2026-05-28T08:53:11.478,2026-05-28T09:08:41.478,-930
multimetro,48,3.9262e-05,,12.215057100000195,2026-05-28T08:53:11.735,2026-05-28T09:08:41.735,-930
multimetro,49,1.2616e-05,,12.465129900000193,2026-05-28T08:53:11.978,2026-05-28T09:08:41.978,-930
multimetro,50,3.0279e-05,,12.714995000000272,2026-05-28T08:53:12.235,2026-05-28T09:08:42.235,-930
multimetro,51,-7.01e-07,,12.964503900000182,2026-05-28T08:53:12.478,2026-05-28T09:08:42.478,-930
multimetro,52,2.9588e-05,,13.215151000000333,2026-05-28T08:53:12.734,2026-05-28T09:08:42.734,-930
multimetro,53,-1.694e-05,,13.464668200000233,2026-05-28T08:53:12.978,2026-05-28T09:08:42.978,-930
multimetro,54,5.66e-05,,13.715057300000353,2026-05-28T08:53:13.235,2026-05-28T09:08:43.235,-930
multimetro,55,-1.12e-06,,13.964548800000102,2026-05-28T08:53:13.478,2026-05-28T09:08:43.478,-930
multimetro,56,-0.001480405,,14.215655200000128,2026-05-28T08:53:13.735,2026-05-28T09:08:43.735,-930
multimetro,57,0.000331672,,14.465102099999967,2026-05-28T08:53:13.978,2026-05-28T09:08:43.978,-930
multimetro,58,0.000267042,,14.714998800000103,2026-05-28T08:53:14.235,2026-05-28T09:08:44.235,-930
multimetro,59,0.000177829,,14.965094000000136,2026-05-28T08:53:14.478,2026-05-28T09:08:44.478,-930
multimetro,60,0.000138609,,15.215046000000257,2026-05-28T08:53:14.735,2026-05-28T09:08:44.735,-930
multimetro,61,6.5206e-05,,15.46506410000029,2026-05-28T08:53:14.978,2026-05-28T09:08:44.978,-930
multimetro,62,-0.00220814,,15.714704800000163,2026-05-28T08:53:15.234,2026-05-28T09:08:45.234,-930
multimetro,63,-0.001635494,,15.965325600000142,2026-05-28T08:53:15.479,2026-05-28T09:08:45.479,-930
multimetro,64,0.000872539,,16.21495670000013,2026-05-28T08:53:15.734,2026-05-28T09:08:45.734,-930
multimetro,65,0.002489921,,16.4649859000001,2026-05-28T08:53:15.978,2026-05-28T09:08:45.978,-930
multimetro,66,-5.8034e-05,,16.715009200000168,2026-05-28T08:53:16.234,2026-05-28T09:08:46.234,-930
multimetro,67,6.1552e-05,,16.96498640000027,2026-05-28T08:53:16.478,2026-05-28T09:08:46.478,-930
multimetro,68,2.67e-06,,17.21495380000033,2026-05-28T08:53:16.734,2026-05-28T09:08:46.734,-930
multimetro,69,0.000916502,,17.46492950000038,2026-05-28T08:53:16.978,2026-05-28T09:08:46.978,-930
multimetro,70,-0.000934227,,17.715199900000243,2026-05-28T08:53:17.235,2026-05-28T09:08:47.235,-930
multimetro,71,0.000729512,,17.964558300000135,2026-05-28T08:53:17.478,2026-05-28T09:08:47.478,-930
multimetro,72,-9.2008e-05,,18.21507950000023,2026-05-28T08:53:17.734,2026-05-28T09:08:47.734,-930
multimetro,73,-0.000109022,,18.465080899999975,2026-05-28T08:53:17.978,2026-05-28T09:08:47.978,-930
multimetro,74,5.6087e-05,,18.715090800000326,2026-05-28T08:53:18.234,2026-05-28T09:08:48.234,-930
multimetro,75,5.0799e-05,,18.96455330000026,2026-05-28T08:53:18.478,2026-05-28T09:08:48.478,-930
multimetro,76,0.000138986,,19.214989100000366,2026-05-28T08:53:18.734,2026-05-28T09:08:48.734,-930
multimetro,77,0.000123062,,19.46450240000013,2026-05-28T08:53:18.978,2026-05-28T09:08:48.978,-930
multimetro,78,9.2563e-05,,19.71556290000035,2026-05-28T08:53:19.235,2026-05-28T09:08:49.235,-930
multimetro,79,7.6387e-05,,19.964562699999988,2026-05-28T08:53:19.478,2026-05-28T09:08:49.478,-930
multimetro,80,6.82e-05,,20.21489550000024,2026-05-28T08:53:19.734,2026-05-28T09:08:49.734,-930
multimetro,81,5.3731e-05,,20.46527180000021,2026-05-28T08:53:19.978,2026-05-28T09:08:49.978,-930
multimetro,82,4.5585e-05,,20.71513180000011,2026-05-28T08:53:20.234,2026-05-28T09:08:50.234,-930
multimetro,83,5.4621e-05,,20.965028500000244,2026-05-28T08:53:20.478,2026-05-28T09:08:50.478,-930
multimetro,84,3.6236e-05,,21.214972500000385,2026-05-28T08:53:20.734,2026-05-28T09:08:50.734,-930
multimetro,85,2.407e-05,,21.465521999999964,2026-05-28T08:53:20.978,2026-05-28T09:08:50.978,-930
multimetro,86,4.7166e-05,,21.715078500000345,2026-05-28T08:53:21.235,2026-05-28T09:08:51.235,-930
multimetro,87,3.5021e-05,,21.965073900000334,2026-05-28T08:53:21.478,2026-05-28T09:08:51.478,-930
multimetro,88,3.3357e-05,,22.215175700000145,2026-05-28T08:53:21.734,2026-05-28T09:08:51.734,-930
multimetro,89,3.1441e-05,,22.464627300000302,2026-05-28T08:53:21.978,2026-05-28T09:08:51.978,-930
multimetro,90,2.7483e-05,,22.71517360000007,2026-05-28T08:53:22.234,2026-05-28T09:08:52.234,-930
multimetro,91,2.9315e-05,,22.964960000000247,2026-05-28T08:53:22.478,2026-05-28T09:08:52.478,-930
multimetro,92,2.5483e-05,,23.215410500000417,2026-05-28T08:53:22.735,2026-05-28T09:08:52.735,-930
multimetro,93,2.5525e-05,,23.464957700000014,2026-05-28T08:53:22.978,2026-05-28T09:08:52.978,-930
multimetro,94,2.4049e-05,,23.714705300000332,2026-05-28T08:53:23.234,2026-05-28T09:08:53.234,-930
multimetro,95,2.3787e-05,,23.964636900000187,2026-05-28T08:53:23.478,2026-05-28T09:08:53.478,-930
multimetro,96,2.1589e-05,,24.21491500000002,2026-05-28T08:53:23.734,2026-05-28T09:08:53.734,-930
multimetro,97,2.5368e-05,,24.465004000000135,2026-05-28T08:53:23.978,2026-05-28T09:08:53.978,-930
multimetro,98,2.029e-05,,24.71507980000024,2026-05-28T08:53:24.234,2026-05-28T09:08:54.234,-930
multimetro,99,2.1987e-05,,24.965167000000292,2026-05-28T08:53:24.479,2026-05-28T09:08:54.479,-930
multimetro,100,1.9222e-05,,25.21513730000015,2026-05-28T08:53:24.734,2026-05-28T09:08:54.734,-930
multimetro,101,2.1201e-05,,25.46469040000011,2026-05-28T08:53:24.978,2026-05-28T09:08:54.978,-930
multimetro,102,1.7558e-05,,25.71492020000005,2026-05-28T08:53:25.234,2026-05-28T09:08:55.234,-930
multimetro,103,2.1337e-05,,25.965000099999997,2026-05-28T08:53:25.478,2026-05-28T09:08:55.478,-930
multimetro,104,1.805e-05,,26.215085100000124,2026-05-28T08:53:25.734,2026-05-28T09:08:55.734,-930
multimetro,105,1.9432e-05,,26.465077100000144,2026-05-28T08:53:25.978,2026-05-28T09:08:55.978,-930
multimetro,106,1.6364e-05,,26.715054300000247,2026-05-28T08:53:26.234,2026-05-28T09:08:56.234,-930
multimetro,107,2.1536e-05,,26.964971900000364,2026-05-28T08:53:26.478,2026-05-28T09:08:56.478,-930
multimetro,108,1.6574e-05,,27.214941700000054,2026-05-28T08:53:26.734,2026-05-28T09:08:56.734,-930
multimetro,109,2.0259e-05,,27.465056200000163,2026-05-28T08:53:26.978,2026-05-28T09:08:56.978,-930
multimetro,110,1.5788e-05,,27.715024000000085,2026-05-28T08:53:27.234,2026-05-28T09:08:57.234,-930
multimetro,111,1.9024e-05,,27.965018800000053,2026-05-28T08:53:27.478,2026-05-28T09:08:57.478,-930
multimetro,112,9.224e-06,,28.21483420000004,2026-05-28T08:53:27.734,2026-05-28T09:08:57.734,-930
multimetro,113,1.5307e-05,,28.46502190000001,2026-05-28T08:53:27.978,2026-05-28T09:08:57.978,-930
multimetro,114,1.9809e-05,,28.71510330000001,2026-05-28T08:53:28.234,2026-05-28T09:08:58.234,-930
multimetro,115,1.8217e-05,,28.965015600000243,2026-05-28T08:53:28.478,2026-05-28T09:08:58.478,-930
multimetro,116,1.4647e-05,,29.214988500000345,2026-05-28T08:53:28.729,2026-05-28T09:08:58.729,-930
multimetro,117,2.1421e-05,,29.46523500000012,2026-05-28T08:53:28.979,2026-05-28T09:08:58.979,-930
multimetro,118,1.8039e-05,,29.715061600000354,2026-05-28T08:53:29.234,2026-05-28T09:08:59.234,-930
multimetro,119,2.1735e-05,,29.964935200000127,2026-05-28T08:53:29.480,2026-05-28T09:08:59.480,-930
multimetro,120,1.9421e-05,,30.21482220000007,2026-05-28T08:53:29.729,2026-05-28T09:08:59.729,-930
multimetro,121,2.006e-05,,30.46546060000037,2026-05-28T08:53:29.979,2026-05-28T09:08:59.979,-930
multimetro,122,1.5213e-05,,30.7146173000001,2026-05-28T08:53:30.233,2026-05-28T09:09:00.233,-930
multimetro,123,1.6856e-05,,30.96482750000041,2026-05-28T08:53:30.478,2026-05-28T09:09:00.478,-930
multimetro,124,1.5317e-05,,31.2150158000004,2026-05-28T08:53:30.728,2026-05-28T09:09:00.728,-930
multimetro,125,1.5778e-05,,31.46485490000032,2026-05-28T08:53:30.979,2026-05-28T09:09:00.979,-930
multimetro,126,1.516e-05,,31.714639600000282,2026-05-28T08:53:31.229,2026-05-28T09:09:01.229,-930
multimetro,127,1.5621e-05,,31.964500600000065,2026-05-28T08:53:31.483,2026-05-28T09:09:01.483,-930
multimetro,128,1.4427e-05,,32.21976840000025,2026-05-28T08:53:31.739,2026-05-28T09:09:01.739,-930
multimetro,129,1.5108e-05,,32.464962000000014,2026-05-28T08:53:31.984,2026-05-28T09:09:01.984,-930
multimetro,130,1.4134e-05,,32.71458270000039,2026-05-28T08:53:32.233,2026-05-28T09:09:02.233,-930
multimetro,131,1.3977e-05,,32.96473640000022,2026-05-28T08:53:32.484,2026-05-28T09:09:02.484,-930
multimetro,132,1.5192e-05,,33.21457320000036,2026-05-28T08:53:32.729,2026-05-28T09:09:02.729,-930
multimetro,133,1.4542e-05,,33.46498760000031,2026-05-28T08:53:32.985,2026-05-28T09:09:02.985,-930
multimetro,134,1.4605e-05,,33.7150402000002,2026-05-28T08:53:33.234,2026-05-28T09:09:03.234,-930
multimetro,135,1.3684e-05,,33.9648916000001,2026-05-28T08:53:33.478,2026-05-28T09:09:03.478,-930
multimetro,136,1.5527e-05,,34.21496950000028,2026-05-28T08:53:33.728,2026-05-28T09:09:03.728,-930
multimetro,137,1.3527e-05,,34.46454700000004,2026-05-28T08:53:33.984,2026-05-28T09:09:03.984,-930
multimetro,138,1.4689e-05,,34.7151044000002,2026-05-28T08:53:34.228,2026-05-28T09:09:04.228,-930
multimetro,139,1.4396e-05,,34.96519830000034,2026-05-28T08:53:34.478,2026-05-28T09:09:04.478,-930
multimetro,140,1.4752e-05,,35.215015700000095,2026-05-28T08:53:34.731,2026-05-28T09:09:04.731,-930
multimetro,141,1.4197e-05,,35.46483100000023,2026-05-28T08:53:34.980,2026-05-28T09:09:04.980,-930
multimetro,142,1.5579e-05,,35.71450850000019,2026-05-28T08:53:35.234,2026-05-28T09:09:05.234,-930
multimetro,143,1.3715e-05,,35.964727400000356,2026-05-28T08:53:35.478,2026-05-28T09:09:05.478,-930
multimetro,144,1.6019e-05,,36.214992800000346,2026-05-28T08:53:35.728,2026-05-28T09:09:05.728,-930
multimetro,145,1.3757e-05,,36.46467870000015,2026-05-28T08:53:35.984,2026-05-28T09:09:05.984,-930
multimetro,146,1.5202e-05,,36.714750800000274,2026-05-28T08:53:36.228,2026-05-28T09:09:06.228,-930
multimetro,147,1.359e-05,,36.96467210000037,2026-05-28T08:53:36.480,2026-05-28T09:09:06.480,-930
multimetro,148,1.5129e-05,,37.214962900000046,2026-05-28T08:53:36.728,2026-05-28T09:09:06.728,-930
multimetro,149,1.515e-05,,37.464623700000175,2026-05-28T08:53:36.979,2026-05-28T09:09:06.979,-930
multimetro,150,1.4145e-05,,37.71508460000041,2026-05-28T08:53:37.228,2026-05-28T09:09:07.228,-930
multimetro,151,1.4312e-05,,37.96459930000037,2026-05-28T08:53:37.484,2026-05-28T09:09:07.484,-930
multimetro,152,1.493e-05,,38.21501560000024,2026-05-28T08:53:37.728,2026-05-28T09:09:07.728,-930
multimetro,153,1.3946e-05,,38.46471930000007,2026-05-28T08:53:37.978,2026-05-28T09:09:07.978,-930
multimetro,154,1.3234e-05,,38.71473990000004,2026-05-28T08:53:38.234,2026-05-28T09:09:08.234,-930
multimetro,155,1.4312e-05,,38.96474990000024,2026-05-28T08:53:38.478,2026-05-28T09:09:08.478,-930
multimetro,156,1.4762e-05,,39.21469700000034,2026-05-28T08:53:38.731,2026-05-28T09:09:08.731,-930
multimetro,157,1.3872e-05,,39.46543190000011,2026-05-28T08:53:38.985,2026-05-28T09:09:08.985,-930
multimetro,158,1.3276e-05,,39.71503010000015,2026-05-28T08:53:39.228,2026-05-28T09:09:09.228,-930
multimetro,159,1.8018e-05,,39.964844000000085,2026-05-28T08:53:39.478,2026-05-28T09:09:09.478,-930
multimetro,160,1.4365e-05,,40.21525530000008,2026-05-28T08:53:39.728,2026-05-28T09:09:09.728,-930
multimetro,161,1.2292e-05,,40.46508300000005,2026-05-28T08:53:39.978,2026-05-28T09:09:09.978,-930
multimetro,162,1.4029e-05,,40.71494830000029,2026-05-28T08:53:40.235,2026-05-28T09:09:10.235,-930
multimetro,163,1.4082e-05,,40.96520790000022,2026-05-28T08:53:40.478,2026-05-28T09:09:10.478,-930
multimetro,164,1.5202e-05,,41.215363400000115,2026-05-28T08:53:40.728,2026-05-28T09:09:10.728,-930
multimetro,165,1.7212e-05,,41.46454760000006,2026-05-28T08:53:40.984,2026-05-28T09:09:10.984,-930
multimetro,166,1.2459e-05,,41.7151716000003,2026-05-28T08:53:41.228,2026-05-28T09:09:11.228,-930
multimetro,167,1.4867e-05,,41.96957640000028,2026-05-28T08:53:41.481,2026-05-28T09:09:11.481,-930
multimetro,168,1.4459e-05,,42.21496980000029,2026-05-28T08:53:41.735,2026-05-28T09:09:11.735,-930
multimetro,169,1.8238e-05,,42.465142000000014,2026-05-28T08:53:41.978,2026-05-28T09:09:11.978,-930
multimetro,170,1.314e-05,,42.71456790000002,2026-05-28T08:53:42.228,2026-05-28T09:09:12.228,-930
multimetro,171,1.4427e-05,,42.964635199999975,2026-05-28T08:53:42.478,2026-05-28T09:09:12.478,-930
multimetro,172,1.3307e-05,,43.21513670000013,2026-05-28T08:53:42.728,2026-05-28T09:09:12.728,-930
multimetro,173,1.4029e-05,,43.46470580000005,2026-05-28T08:53:42.978,2026-05-28T09:09:12.978,-930
multimetro,174,1.4626e-05,,43.715187900000274,2026-05-28T08:53:43.235,2026-05-28T09:09:13.235,-930
multimetro,175,1.628e-05,,43.96500930000002,2026-05-28T08:53:43.478,2026-05-28T09:09:13.478,-930
multimetro,176,1.0072e-05,,44.21506330000011,2026-05-28T08:53:43.734,2026-05-28T09:09:13.734,-930
multimetro,177,1.5925e-05,,44.46483209999997,2026-05-28T08:53:43.978,2026-05-28T09:09:13.978,-930
multimetro,178,1.181e-05,,44.715162800000144,2026-05-28T08:53:44.235,2026-05-28T09:09:14.235,-930
multimetro,179,1.5035e-05,,44.96498630000042,2026-05-28T08:53:44.478,2026-05-28T09:09:14.478,-930
multimetro,180,1.2522e-05,,45.21490640000002,2026-05-28T08:53:44.734,2026-05-28T09:09:14.734,-930
multimetro,181,1.4396e-05,,45.46497560000034,2026-05-28T08:53:44.978,2026-05-28T09:09:14.978,-930
multimetro,182,1.1464e-05,,45.71535010000025,2026-05-28T08:53:45.235,2026-05-28T09:09:15.235,-930
multimetro,183,1.7621e-05,,45.96482760000026,2026-05-28T08:53:45.481,2026-05-28T09:09:15.481,-930
multimetro,184,1.048e-05,,46.214938500000244,2026-05-28T08:53:45.728,2026-05-28T09:09:15.728,-930
multimetro,185,1.4804e-05,,46.464878200000385,2026-05-28T08:53:45.978,2026-05-28T09:09:15.978,-930
multimetro,186,1.2941e-05,,46.71548030000031,2026-05-28T08:53:46.235,2026-05-28T09:09:16.235,-930
multimetro,187,2.6269e-05,,46.96499770000037,2026-05-28T08:53:46.478,2026-05-28T09:09:16.478,-930
multimetro,188,1.8594e-05,,47.21500600000036,2026-05-28T08:53:46.735,2026-05-28T09:09:16.735,-930
multimetro,189,1.337e-05,,47.46500230000038,2026-05-28T08:53:46.978,2026-05-28T09:09:16.978,-930
multimetro,190,1.1915e-05,,47.714938300000085,2026-05-28T08:53:47.234,2026-05-28T09:09:17.234,-930
multimetro,191,1.5129e-05,,47.96494270000039,2026-05-28T08:53:47.478,2026-05-28T09:09:17.478,-930
multimetro,192,1.0281e-05,,48.21463480000011,2026-05-28T08:53:47.734,2026-05-28T09:09:17.734,-930
multimetro,193,1.626e-05,,48.46565270000019,2026-05-28T08:53:47.985,2026-05-28T09:09:17.985,-930
multimetro,194,8.24e-06,,48.71456639999997,2026-05-28T08:53:48.234,2026-05-28T09:09:18.234,-930
multimetro,195,2.3986e-05,,48.96476410000014,2026-05-28T08:53:48.478,2026-05-28T09:09:18.478,-930
multimetro,196,4.806e-06,,49.215015700000095,2026-05-28T08:53:48.734,2026-05-28T09:09:18.734,-930
multimetro,197,1.6804e-05,,49.46463130000029,2026-05-28T08:53:48.978,2026-05-28T09:09:18.978,-930
multimetro,198,1.1737e-05,,49.715012200000274,2026-05-28T08:53:49.228,2026-05-28T09:09:19.228,-930
multimetro,199,1.5935e-05,,49.96496730000035,2026-05-28T08:53:49.478,2026-05-28T09:09:19.478,-930
