tiempo_s,tiempo_multimetro_s,voltaje_V,indice_multimetro,fecha_hora_corregida_hp,fecha_hora_pc_sin_corregir_hp,error_hp,tiempo_balanza_s,masa_g,indice_balanza,fecha_hora_corregida_balanza,fecha_hora_pc_sin_corregir_balanza,error_balanza,delta_t_balanza_multimetro_s
0.5219378000001598,0.5219378000001598,3.1242e-05,0,2026-05-28T09:45:05.030,2026-05-28T10:00:35.030,,1.4131016999999702,,0,2026-05-28T09:45:05.920,2026-05-28T10:00:35.920,Error desde Arduino: HX711 not found.,0.8911638999998104
1.0472164000002522,1.0472164000002522,8.5255e-05,1,2026-05-28T09:45:05.554,2026-05-28T10:00:35.554,,1.4131016999999702,,0,2026-05-28T09:45:05.920,2026-05-28T10:00:35.920,Error desde Arduino: HX711 not found.,0.36588529999971797
1.57160070000009,1.57160070000009,8.931e-06,2,2026-05-28T09:45:06.081,2026-05-28T10:00:36.081,,1.4131016999999702,,0,2026-05-28T09:45:05.920,2026-05-28T10:00:35.920,Error desde Arduino: HX711 not found.,-0.15849900000011985
2.0959215000002587,2.0959215000002587,2.4321e-05,3,2026-05-28T09:45:06.604,2026-05-28T10:00:36.604,,2.40543979999984,11.08,1,2026-05-28T09:45:06.913,2026-05-28T10:00:36.913,,0.30951829999958136
2.6204163000002154,2.6204163000002154,1.537e-05,4,2026-05-28T09:45:07.124,2026-05-28T10:00:37.124,,2.4286401999997906,,2,2026-05-28T09:45:06.937,2026-05-28T10:00:36.937,Error desde Arduino: HX711 not found.,-0.19177610000042478
3.1447165999998106,3.1447165999998106,2.652e-05,5,2026-05-28T09:45:07.654,2026-05-28T10:00:37.654,,3.4211255000000165,17.77,3,2026-05-28T09:45:07.930,2026-05-28T10:00:37.930,,0.2764089000002059
3.668985700000121,3.668985700000121,2.0123e-05,6,2026-05-28T09:45:08.180,2026-05-28T10:00:38.180,,3.444510799999989,,4,2026-05-28T09:45:07.954,2026-05-28T10:00:37.954,Error desde Arduino: HX711 not found.,-0.22447490000013204
4.1934267000006,4.1934267000006,1.4323e-05,7,2026-05-28T09:45:08.704,2026-05-28T10:00:38.704,,4.436893000000055,17.67,5,2026-05-28T09:45:08.947,2026-05-28T10:00:38.947,,0.24346629999945435
4.717735199999879,4.717735199999879,1.3014e-05,8,2026-05-28T09:45:09.220,2026-05-28T10:00:39.220,,4.460192300000017,,6,2026-05-28T09:45:08.970,2026-05-28T10:00:38.970,Error desde Arduino: HX711 not found.,-0.25754289999986213
5.242143500000566,5.242143500000566,1.5736e-05,9,2026-05-28T09:45:09.754,2026-05-28T10:00:39.754,,5.452663200000643,14.35,7,2026-05-28T09:45:09.964,2026-05-28T10:00:39.964,,0.21051970000007714
5.766636700000163,5.766636700000163,2.385e-05,10,2026-05-28T09:45:10.270,2026-05-28T10:00:40.270,,5.475869900000362,,8,2026-05-28T09:45:09.987,2026-05-28T10:00:39.987,Error desde Arduino: HX711 not found.,-0.29076679999980115
6.290719700000409,6.290719700000409,2.3201e-05,11,2026-05-28T09:45:10.801,2026-05-28T10:00:40.801,,6.4683757000002515,13.97,9,2026-05-28T09:45:10.980,2026-05-28T10:00:40.980,,0.1776559999998426
6.815270099999907,6.815270099999907,1.2972e-05,12,2026-05-28T09:45:11.320,2026-05-28T10:00:41.320,,6.491435400000228,,10,2026-05-28T09:45:11.004,2026-05-28T10:00:41.004,Error desde Arduino: HX711 not found.,-0.3238346999996793
7.339498899999853,7.339498899999853,1.0292e-05,13,2026-05-28T09:45:11.847,2026-05-28T10:00:41.847,,7.484109800000624,10.39,11,2026-05-28T09:45:11.987,2026-05-28T10:00:41.987,,0.14461090000077093
7.863799100000506,7.863799100000506,2.094e-05,14,2026-05-28T09:45:12.376,2026-05-28T10:00:42.376,,7.507317200000216,,12,2026-05-28T09:45:12.020,2026-05-28T10:00:42.020,Error desde Arduino: HX711 not found.,-0.3564819000002899
8.387893900000563,8.387893900000563,2.7326e-05,15,2026-05-28T09:45:12.897,2026-05-28T10:00:42.897,,8.51077239999995,,13,2026-05-28T09:45:13.020,2026-05-28T10:00:43.020,Error desde Arduino: HX711 not found.,0.12287849999938771
8.912057000000459,8.912057000000459,1.7024e-05,16,2026-05-28T09:45:13.420,2026-05-28T10:00:43.420,,8.51077239999995,,13,2026-05-28T09:45:13.020,2026-05-28T10:00:43.020,Error desde Arduino: HX711 not found.,-0.40128460000050836
9.43626200000017,9.43626200000017,8.062e-06,17,2026-05-28T09:45:13.947,2026-05-28T10:00:43.947,,9.502157599999919,6.18,14,2026-05-28T09:45:14.014,2026-05-28T10:00:44.014,,0.06589559999974881
9.960715400000481,9.960715400000481,-3.465e-06,18,2026-05-28T09:45:14.473,2026-05-28T10:00:44.473,,9.525389700000233,,15,2026-05-28T09:45:14.037,2026-05-28T10:00:44.037,Error desde Arduino: HX711 not found.,-0.4353257000002486
10.484941400000025,10.484941400000025,-1.8333e-05,19,2026-05-28T09:45:14.997,2026-05-28T10:00:44.997,,10.516633799999909,4.54,16,2026-05-28T09:45:15.021,2026-05-28T10:00:45.021,,0.03169239999988349
11.009328300000561,11.009328300000561,1.1789e-05,20,2026-05-28T09:45:15.520,2026-05-28T10:00:45.520,,10.53983049999988,,17,2026-05-28T09:45:15.047,2026-05-28T10:00:45.047,Error desde Arduino: HX711 not found.,-0.4694978000006813
11.533507400000417,11.533507400000417,1.6385e-05,21,2026-05-28T09:45:16.037,2026-05-28T10:00:46.037,,11.531199699999888,1.63,18,2026-05-28T09:45:16.037,2026-05-28T10:00:46.037,,-0.002307700000528712
12.057803700000477,12.057803700000477,1.0449e-05,22,2026-05-28T09:45:16.570,2026-05-28T10:00:46.570,,12.545796299999893,0.92,20,2026-05-28T09:45:17.054,2026-05-28T10:00:47.054,,0.4879925999994157
12.58205640000051,12.58205640000051,3.9345e-05,23,2026-05-28T09:45:17.087,2026-05-28T10:00:47.087,,12.569017499999973,,21,2026-05-28T09:45:17.081,2026-05-28T10:00:47.081,Error desde Arduino: HX711 not found.,-0.013038900000537978
13.106144500000482,13.106144500000482,2.7797e-05,24,2026-05-28T09:45:17.614,2026-05-28T10:00:47.614,,13.561362000000372,-1.41,22,2026-05-28T09:45:18.074,2026-05-28T10:00:48.074,,0.4552174999998897
13.63045190000048,13.63045190000048,2.5106e-05,25,2026-05-28T09:45:18.137,2026-05-28T10:00:48.137,,13.584414699999797,,23,2026-05-28T09:45:18.097,2026-05-28T10:00:48.097,Error desde Arduino: HX711 not found.,-0.04603720000068279
14.154793900000186,14.154793900000186,1.7799e-05,26,2026-05-28T09:45:18.663,2026-05-28T10:00:48.663,,14.577014999999847,-3.79,24,2026-05-28T09:45:19.087,2026-05-28T10:00:49.087,,0.4222210999996605
14.679000799999812,14.679000799999812,2.9137e-05,27,2026-05-28T09:45:19.189,2026-05-28T10:00:49.189,,14.600333700000192,,25,2026-05-28T09:45:19.104,2026-05-28T10:00:49.104,Error desde Arduino: HX711 not found.,-0.0786670999996204
15.20328950000021,15.20328950000021,2.7159e-05,28,2026-05-28T09:45:19.706,2026-05-28T10:00:49.706,,15.592575100000431,-6.65,26,2026-05-28T09:45:20.104,2026-05-28T10:00:50.104,,0.38928560000022117
15.727527400000326,15.727527400000326,-1.372e-06,29,2026-05-28T09:45:20.238,2026-05-28T10:00:50.238,,15.62783860000036,,28,2026-05-28T09:45:20.138,2026-05-28T10:00:50.138,Error desde Arduino: HX711 not found.,-0.09968879999996716
16.251756700000442,16.251756700000442,1.717e-06,30,2026-05-28T09:45:20.764,2026-05-28T10:00:50.764,,16.620149700000184,-6.9,29,2026-05-28T09:45:21.131,2026-05-28T10:00:51.131,,0.36839299999974173
16.775947900000574,16.775947900000574,2.34e-05,31,2026-05-28T09:45:21.287,2026-05-28T10:00:51.287,,16.643198300000222,,30,2026-05-28T09:45:21.156,2026-05-28T10:00:51.156,Error desde Arduino: HX711 not found.,-0.13274960000035207
17.30038450000029,17.30038450000029,2.8331e-05,32,2026-05-28T09:45:21.804,2026-05-28T10:00:51.804,,17.63579269999991,-8.64,31,2026-05-28T09:45:22.147,2026-05-28T10:00:52.147,,0.3354081999996197
17.824625000000196,17.824625000000196,3.1797e-05,33,2026-05-28T09:45:22.337,2026-05-28T10:00:52.337,,17.659108599999854,,32,2026-05-28T09:45:22.170,2026-05-28T10:00:52.170,Error desde Arduino: HX711 not found.,-0.1655164000003424
18.348982800000158,18.348982800000158,1.0459e-05,34,2026-05-28T09:45:22.861,2026-05-28T10:00:52.861,,18.65133010000045,-7.73,33,2026-05-28T09:45:23.164,2026-05-28T10:00:53.164,,0.3023473000002923
18.87346940000043,18.87346940000043,1.9526e-05,35,2026-05-28T09:45:23.385,2026-05-28T10:00:53.385,,18.67467140000008,,34,2026-05-28T09:45:23.186,2026-05-28T10:00:53.186,Error desde Arduino: HX711 not found.,-0.19879800000035175
19.397532900000442,19.397532900000442,1.5391e-05,36,2026-05-28T09:45:23.910,2026-05-28T10:00:53.910,,19.666802100000496,-9.4,35,2026-05-28T09:45:24.171,2026-05-28T10:00:54.171,,0.2692692000000534
19.921763199999987,19.921763199999987,1.6762e-05,37,2026-05-28T09:45:24.434,2026-05-28T10:00:54.434,,19.702927100000124,,37,2026-05-28T09:45:24.214,2026-05-28T10:00:54.214,Error desde Arduino: HX711 not found.,-0.2188360999998622
20.44607570000062,20.44607570000062,2.2845e-05,38,2026-05-28T09:45:24.956,2026-05-28T10:00:54.956,,20.696464700000433,-11.7,38,2026-05-28T09:45:25.209,2026-05-28T10:00:55.209,,0.2503889999998137
20.97037950000049,20.97037950000049,1.9851e-05,39,2026-05-28T09:45:25.474,2026-05-28T10:00:55.474,,20.719736699999885,,39,2026-05-28T09:45:25.230,2026-05-28T10:00:55.230,Error desde Arduino: HX711 not found.,-0.25064280000060535
21.494454900000164,21.494454900000164,1.449e-05,40,2026-05-28T09:45:26.007,2026-05-28T10:00:56.007,,21.713180300000204,-13.33,40,2026-05-28T09:45:26.225,2026-05-28T10:00:56.225,,0.21872540000003937
22.018865400000323,22.018865400000323,1.8762e-05,41,2026-05-28T09:45:26.527,2026-05-28T10:00:56.527,,21.73625059999995,,41,2026-05-28T09:45:26.243,2026-05-28T10:00:56.243,Error desde Arduino: HX711 not found.,-0.2826148000003741
22.54337190000024,22.54337190000024,2.406e-05,42,2026-05-28T09:45:27.055,2026-05-28T10:00:57.055,,22.729718200000207,-14.07,42,2026-05-28T09:45:27.242,2026-05-28T10:00:57.242,,0.18634629999996832
23.067549999999756,23.067549999999756,1.7809e-05,43,2026-05-28T09:45:27.580,2026-05-28T10:00:57.580,,22.752793600000587,,43,2026-05-28T09:45:27.265,2026-05-28T10:00:57.265,Error desde Arduino: HX711 not found.,-0.31475639999916893
23.59178890000021,23.59178890000021,3.277e-05,44,2026-05-28T09:45:28.096,2026-05-28T10:00:58.096,,23.74632400000064,-14.11,44,2026-05-28T09:45:28.254,2026-05-28T10:00:58.254,,0.15453510000043025
24.116010700000515,24.116010700000515,1.047e-05,45,2026-05-28T09:45:28.628,2026-05-28T10:00:58.628,,23.76940090000062,,45,2026-05-28T09:45:28.277,2026-05-28T10:00:58.277,Error desde Arduino: HX711 not found.,-0.3466097999998965
24.640225099999952,24.640225099999952,1.9275e-05,46,2026-05-28T09:45:29.152,2026-05-28T10:00:59.152,,24.7628835000005,-17.89,46,2026-05-28T09:45:29.275,2026-05-28T10:00:59.275,,0.12265840000054595
25.16455920000044,25.16455920000044,1.4291e-05,47,2026-05-28T09:45:29.673,2026-05-28T10:00:59.673,,24.785973800000647,,47,2026-05-28T09:45:29.298,2026-05-28T10:00:59.298,Error desde Arduino: HX711 not found.,-0.37858539999979257
25.688683400000627,25.688683400000627,2.2447e-05,48,2026-05-28T09:45:30.194,2026-05-28T10:01:00.194,,25.77954210000007,-13.5,48,2026-05-28T09:45:30.291,2026-05-28T10:01:00.291,,0.09085869999944407
26.213058500000443,26.213058500000443,2.2416e-05,49,2026-05-28T09:45:30.721,2026-05-28T10:01:00.721,,25.802687600000354,,49,2026-05-28T09:45:30.311,2026-05-28T10:01:00.311,Error desde Arduino: HX711 not found.,-0.410370900000089
26.737556699999914,26.737556699999914,2.0615e-05,50,2026-05-28T09:45:31.244,2026-05-28T10:01:01.244,,26.79611990000012,-13.2,50,2026-05-28T09:45:31.304,2026-05-28T10:01:01.304,,0.05856320000020787
27.2617252,27.2617252,2.0866e-05,51,2026-05-28T09:45:31.771,2026-05-28T10:01:01.771,,26.819201799999973,,51,2026-05-28T09:45:31.324,2026-05-28T10:01:01.324,Error desde Arduino: HX711 not found.,-0.4425234000000273
27.78608660000009,27.78608660000009,2.1767e-05,52,2026-05-28T09:45:32.293,2026-05-28T10:01:02.293,,27.812681299999895,-15.12,52,2026-05-28T09:45:32.320,2026-05-28T10:01:02.320,,0.026594699999805016
28.310552099999768,28.310552099999768,2.2416e-05,53,2026-05-28T09:45:32.815,2026-05-28T10:01:02.815,,27.848832399999992,,54,2026-05-28T09:45:32.357,2026-05-28T10:01:02.357,Error desde Arduino: HX711 not found.,-0.4617196999997759
28.834692299999915,28.834692299999915,1.026e-05,54,2026-05-28T09:45:33.342,2026-05-28T10:01:03.342,,28.842361500000152,-16.16,55,2026-05-28T09:45:33.352,2026-05-28T10:01:03.352,,0.007669200000236742
29.35895460000029,29.35895460000029,4.628e-06,55,2026-05-28T09:45:33.869,2026-05-28T10:01:03.869,,28.865607499999896,,56,2026-05-28T09:45:33.372,2026-05-28T10:01:03.372,Error desde Arduino: HX711 not found.,-0.49334710000039195
29.883223400000134,29.883223400000134,1.7704e-05,56,2026-05-28T09:45:34.390,2026-05-28T10:01:04.390,,29.882069899999806,,58,2026-05-28T09:45:34.390,2026-05-28T10:01:04.390,Error desde Arduino: HX711 not found.,-0.0011535000003277673
30.407551899999817,30.407551899999817,1.4124e-05,57,2026-05-28T09:45:34.918,2026-05-28T10:01:04.918,,30.87556880000011,-16.23,59,2026-05-28T09:45:35.384,2026-05-28T10:01:05.384,,0.4680169000002934
30.93175659999997,30.93175659999997,2.43e-05,58,2026-05-28T09:45:35.444,2026-05-28T10:01:05.444,,30.89895179999985,,60,2026-05-28T09:45:35.406,2026-05-28T10:01:05.406,Error desde Arduino: HX711 not found.,-0.03280480000012176
31.45589000000018,31.45589000000018,1.3935e-05,59,2026-05-28T09:45:35.968,2026-05-28T10:01:05.968,,31.892272000000048,-19.63,61,2026-05-28T09:45:36.404,2026-05-28T10:01:06.404,,0.4363819999998668
31.980240300000332,31.980240300000332,1.76e-05,60,2026-05-28T09:45:36.484,2026-05-28T10:01:06.484,,31.91546550000021,,62,2026-05-28T09:45:36.424,2026-05-28T10:01:06.424,Error desde Arduino: HX711 not found.,-0.06477480000012292
32.50457050000023,32.50457050000023,3.097e-05,61,2026-05-28T09:45:37.014,2026-05-28T10:01:07.014,,32.908918500000254,-18.6,63,2026-05-28T09:45:37.421,2026-05-28T10:01:07.421,,0.40434800000002724
33.028750299999956,33.028750299999956,2.0688e-05,62,2026-05-28T09:45:37.534,2026-05-28T10:01:07.534,,32.932195800000045,,64,2026-05-28T09:45:37.440,2026-05-28T10:01:07.440,Error desde Arduino: HX711 not found.,-0.09655449999991106
33.55316690000018,33.55316690000018,1.1265e-05,63,2026-05-28T09:45:38.058,2026-05-28T10:01:08.058,,33.92562410000028,-20.51,65,2026-05-28T09:45:38.434,2026-05-28T10:01:08.434,,0.37245720000009896
34.07739959999981,34.07739959999981,1.8249e-05,64,2026-05-28T09:45:38.585,2026-05-28T10:01:08.585,,33.948805200000606,,66,2026-05-28T09:45:38.455,2026-05-28T10:01:08.455,Error desde Arduino: HX711 not found.,-0.12859439999920141
34.60174030000053,34.60174030000053,2.5996e-05,65,2026-05-28T09:45:39.111,2026-05-28T10:01:09.111,,34.942204400000264,-26.19,67,2026-05-28T09:45:39.454,2026-05-28T10:01:09.454,,0.3404640999997355
35.12620169999991,35.12620169999991,3.343e-05,66,2026-05-28T09:45:39.639,2026-05-28T10:01:09.639,,34.96556280000004,,68,2026-05-28T09:45:39.477,2026-05-28T10:01:09.477,Error desde Arduino: HX711 not found.,-0.16063889999986714
35.650186400000166,35.650186400000166,1.5286e-05,67,2026-05-28T09:45:40.158,2026-05-28T10:01:10.158,,35.95892240000012,-22.2,69,2026-05-28T09:45:40.467,2026-05-28T10:01:10.467,,0.3087359999999535
36.17439840000043,36.17439840000043,1.8908e-05,68,2026-05-28T09:45:40.681,2026-05-28T10:01:10.681,,35.99522260000049,,71,2026-05-28T09:45:40.501,2026-05-28T10:01:10.501,Error desde Arduino: HX711 not found.,-0.17917579999993904
36.69889400000011,36.69889400000011,1.3663e-05,69,2026-05-28T09:45:41.209,2026-05-28T10:01:11.209,,36.98865260000002,-22.91,72,2026-05-28T09:45:41.501,2026-05-28T10:01:11.501,,0.2897585999999137
37.22317170000042,37.22317170000042,1.6605e-05,70,2026-05-28T09:45:41.735,2026-05-28T10:01:11.735,,37.011765000000196,,73,2026-05-28T09:45:41.521,2026-05-28T10:01:11.521,Error desde Arduino: HX711 not found.,-0.2114067000002251
37.74738640000032,37.74738640000032,1.6385e-05,71,2026-05-28T09:45:42.257,2026-05-28T10:01:12.257,,38.005149300000085,-26.6,74,2026-05-28T09:45:42.518,2026-05-28T10:01:12.518,,0.25776289999976143
38.27163250000012,38.27163250000012,2.5609e-05,72,2026-05-28T09:45:42.780,2026-05-28T10:01:12.780,,38.02844300000015,,75,2026-05-28T09:45:42.539,2026-05-28T10:01:12.539,Error desde Arduino: HX711 not found.,-0.2431894999999713
38.79582550000032,38.79582550000032,2.8164e-05,73,2026-05-28T09:45:43.301,2026-05-28T10:01:13.301,,39.02174139999988,-24.07,76,2026-05-28T09:45:43.534,2026-05-28T10:01:13.534,,0.2259158999995634
39.320246600000246,39.320246600000246,1.8291e-05,74,2026-05-28T09:45:43.824,2026-05-28T10:01:13.824,,39.044894300000124,,77,2026-05-28T09:45:43.554,2026-05-28T10:01:13.554,Error desde Arduino: HX711 not found.,-0.27535230000012234
39.84440110000014,39.84440110000014,1.8301e-05,75,2026-05-28T09:45:44.351,2026-05-28T10:01:14.351,,40.03840170000058,-28.23,78,2026-05-28T09:45:44.551,2026-05-28T10:01:14.551,,0.19400060000043595
40.36888530000033,40.36888530000033,2.0123e-05,76,2026-05-28T09:45:44.881,2026-05-28T10:01:14.881,,40.06171600000016,,79,2026-05-28T09:45:44.571,2026-05-28T10:01:14.571,Error desde Arduino: HX711 not found.,-0.30716930000016873
40.89330870000049,40.89330870000049,1.4344e-05,77,2026-05-28T09:45:45.398,2026-05-28T10:01:15.398,,41.05481690000033,-25.0,80,2026-05-28T09:45:45.565,2026-05-28T10:01:15.565,,0.16150819999984378
41.41744870000002,41.41744870000002,2.4593e-05,78,2026-05-28T09:45:45.924,2026-05-28T10:01:15.924,,41.078136500000255,,81,2026-05-28T09:45:45.588,2026-05-28T10:01:15.588,Error desde Arduino: HX711 not found.,-0.33931219999976747
41.94178180000017,41.94178180000017,2.4164e-05,79,2026-05-28T09:45:46.447,2026-05-28T10:01:16.447,,42.07141070000034,-26.59,82,2026-05-28T09:45:46.578,2026-05-28T10:01:16.578,,0.1296289000001707
42.46616020000056,42.46616020000056,2.0521e-05,80,2026-05-28T09:45:46.969,2026-05-28T10:01:16.969,,42.09464579999985,,83,2026-05-28T09:45:46.607,2026-05-28T10:01:16.607,Error desde Arduino: HX711 not found.,-0.3715144000007058
42.990482000000156,42.990482000000156,1.9222e-05,81,2026-05-28T09:45:47.498,2026-05-28T10:01:17.498,,43.087835299999824,-27.13,84,2026-05-28T09:45:47.600,2026-05-28T10:01:17.600,,0.0973532999996678
43.514706099999785,43.514706099999785,1.7987e-05,82,2026-05-28T09:45:48.025,2026-05-28T10:01:18.025,,43.11106389999986,,85,2026-05-28T09:45:47.620,2026-05-28T10:01:17.620,Error desde Arduino: HX711 not found.,-0.403642199999922
44.03893920000064,44.03893920000064,2.0667e-05,83,2026-05-28T09:45:48.551,2026-05-28T10:01:18.551,,44.104294100000516,-26.93,86,2026-05-28T09:45:48.611,2026-05-28T10:01:18.611,,0.06535489999987476
44.563178500000504,44.563178500000504,2.674e-05,84,2026-05-28T09:45:49.075,2026-05-28T10:01:19.075,,44.14073520000056,,88,2026-05-28T09:45:48.649,2026-05-28T10:01:18.649,Error desde Arduino: HX711 not found.,-0.4224432999999408
45.08746140000039,45.08746140000039,1.0721e-05,85,2026-05-28T09:45:49.598,2026-05-28T10:01:19.598,,45.13380440000037,-27.8,89,2026-05-28T09:45:49.641,2026-05-28T10:01:19.641,,0.04634299999997893
45.611631200000375,45.611631200000375,4.68e-06,86,2026-05-28T09:45:50.122,2026-05-28T10:01:20.122,,45.15689740000016,,90,2026-05-28T09:45:49.661,2026-05-28T10:01:19.661,Error desde Arduino: HX711 not found.,-0.4547338000002128
46.135868800000026,46.135868800000026,2.5232e-05,87,2026-05-28T09:45:50.648,2026-05-28T10:01:20.648,,46.1503644000004,-28.11,91,2026-05-28T09:45:50.658,2026-05-28T10:01:20.658,,0.014495600000373088
46.6602410000005,46.6602410000005,2.0908e-05,88,2026-05-28T09:45:51.172,2026-05-28T10:01:21.172,,46.17353390000062,,92,2026-05-28T09:45:50.678,2026-05-28T10:01:20.678,Error desde Arduino: HX711 not found.,-0.48670709999987594
47.18445049999991,47.18445049999991,1.6019e-05,89,2026-05-28T09:45:51.689,2026-05-28T10:01:21.689,,47.18985440000051,,94,2026-05-28T09:45:51.699,2026-05-28T10:01:21.699,Error desde Arduino: HX711 not found.,0.005403900000601425
47.70864729999994,47.70864729999994,6.188e-06,90,2026-05-28T09:45:52.221,2026-05-28T10:01:22.221,,48.183199300000524,-27.65,95,2026-05-28T09:45:52.694,2026-05-28T10:01:22.694,,0.4745520000005854
48.23282420000032,48.23282420000032,2.4353e-05,91,2026-05-28T09:45:52.744,2026-05-28T10:01:22.744,,48.19634860000042,-30.33,96,2026-05-28T09:45:52.704,2026-05-28T10:01:22.704,,-0.03647559999990335
48.7569824000002,48.7569824000002,3.0048e-05,92,2026-05-28T09:45:53.269,2026-05-28T10:01:23.269,,48.513360200000534,-28.64,97,2026-05-28T09:45:53.020,2026-05-28T10:01:23.020,,-0.24362219999966328
49.281447899999876,49.281447899999876,2.3442e-05,93,2026-05-28T09:45:53.789,2026-05-28T10:01:23.789,,49.51373849999982,-32.34,99,2026-05-28T09:45:54.026,2026-05-28T10:01:24.026,,0.23229059999994206
49.805566400000316,49.805566400000316,1.5998e-05,94,2026-05-28T09:45:54.313,2026-05-28T10:01:24.313,,50.01376840000012,-30.09,100,2026-05-28T09:45:54.522,2026-05-28T10:01:24.522,,0.20820199999980105
50.32993669999996,50.32993669999996,1.2846e-05,95,2026-05-28T09:45:54.842,2026-05-28T10:01:24.842,,50.513375800000176,-31.46,101,2026-05-28T09:45:55.021,2026-05-28T10:01:25.021,,0.18343910000021424
50.85441140000057,50.85441140000057,3.2676e-05,96,2026-05-28T09:45:55.364,2026-05-28T10:01:25.364,,51.01364580000063,-32.79,102,2026-05-28T09:45:55.521,2026-05-28T10:01:25.521,,0.1592344000000594
51.3785026000005,51.3785026000005,3.0771e-05,97,2026-05-28T09:45:55.891,2026-05-28T10:01:25.891,,51.513297700000294,-29.69,103,2026-05-28T09:45:56.017,2026-05-28T10:01:26.017,,0.134795099999792
51.90295690000039,51.90295690000039,1.0145e-05,98,2026-05-28T09:45:56.407,2026-05-28T10:01:26.407,,52.0137749000005,-30.67,104,2026-05-28T09:45:56.524,2026-05-28T10:01:26.524,,0.11081800000010844
52.427139700000225,52.427139700000225,2.1777e-05,99,2026-05-28T09:45:56.939,2026-05-28T10:01:26.939,,52.51349840000057,-35.95,105,2026-05-28T09:45:57.025,2026-05-28T10:01:27.025,,0.08635870000034629
52.95154030000049,52.95154030000049,1.8657e-05,100,2026-05-28T09:45:57.457,2026-05-28T10:01:27.457,,53.013688200000615,-31.58,106,2026-05-28T09:45:57.522,2026-05-28T10:01:27.522,,0.062147900000127265
53.47559850000016,53.47559850000016,2.3641e-05,101,2026-05-28T09:45:57.984,2026-05-28T10:01:27.984,,53.513579200000095,-30.66,107,2026-05-28T09:45:58.025,2026-05-28T10:01:28.025,,0.037980699999934586
53.99977620000027,53.99977620000027,2.2855e-05,102,2026-05-28T09:45:58.511,2026-05-28T10:01:28.511,,54.013767800000096,-37.02,108,2026-05-28T09:45:58.521,2026-05-28T10:01:28.521,,0.013991599999826576
54.52401700000064,54.52401700000064,4.586e-06,103,2026-05-28T09:45:59.028,2026-05-28T10:01:29.028,,54.5137764000001,-34.02,109,2026-05-28T09:45:59.018,2026-05-28T10:01:29.018,,-0.010240600000543054
55.04827590000059,55.04827590000059,1.3506e-05,104,2026-05-28T09:45:59.554,2026-05-28T10:01:29.554,,55.01308920000065,-30.26,110,2026-05-28T09:45:59.524,2026-05-28T10:01:29.524,,-0.035186699999940174
55.57743230000051,55.57743230000051,2.6017e-05,105,2026-05-28T09:46:00.087,2026-05-28T10:01:30.087,,55.51380489999974,-35.71,111,2026-05-28T09:46:00.021,2026-05-28T10:01:30.021,,-0.06362740000076883
56.10068779999983,56.10068779999983,1.9222e-05,106,2026-05-28T09:46:00.611,2026-05-28T10:01:30.611,,56.013454300000376,-35.78,112,2026-05-28T09:46:00.522,2026-05-28T10:01:30.522,,-0.0872334999994564
56.62492480000037,56.62492480000037,1.6877e-05,107,2026-05-28T09:46:01.137,2026-05-28T10:01:31.137,,56.513535500000216,-32.1,113,2026-05-28T09:46:01.025,2026-05-28T10:01:31.025,,-0.11138930000015534
57.148979900000086,57.148979900000086,2.0877e-05,108,2026-05-28T09:46:01.659,2026-05-28T10:01:31.659,,57.013444700000036,-33.84,114,2026-05-28T09:46:01.522,2026-05-28T10:01:31.522,,-0.13553520000004937
57.672974900000554,57.672974900000554,2.0542e-05,109,2026-05-28T09:46:02.178,2026-05-28T10:01:32.178,,57.513353299999835,-37.41,115,2026-05-28T09:46:02.025,2026-05-28T10:01:32.025,,-0.1596216000007189
58.19693360000019,58.19693360000019,2.34e-05,110,2026-05-28T09:46:02.701,2026-05-28T10:01:32.701,,58.013620400000036,-33.75,116,2026-05-28T09:46:02.525,2026-05-28T10:01:32.525,,-0.18331320000015694
58.72103760000027,58.72103760000027,1.4679e-05,111,2026-05-28T09:46:03.231,2026-05-28T10:01:33.231,,58.513382600000114,-32.28,117,2026-05-28T09:46:03.021,2026-05-28T10:01:33.021,,-0.2076550000001589
59.24502219999977,59.24502219999977,1.8008e-05,112,2026-05-28T09:46:03.757,2026-05-28T10:01:33.757,,59.01384430000053,-37.44,118,2026-05-28T09:46:03.523,2026-05-28T10:01:33.523,,-0.23117789999923843
59.769243200000346,59.769243200000346,2.7776e-05,113,2026-05-28T09:46:04.281,2026-05-28T10:01:34.281,,60.013424400000076,-31.95,120,2026-05-28T09:46:04.526,2026-05-28T10:01:34.526,,0.24418119999972987
60.293418199999905,60.293418199999905,1.3119e-05,114,2026-05-28T09:46:04.804,2026-05-28T10:01:34.804,,60.51360130000012,-34.79,121,2026-05-28T09:46:05.026,2026-05-28T10:01:35.026,,0.22018310000021302
60.81752310000047,60.81752310000047,2.6038e-05,115,2026-05-28T09:46:05.323,2026-05-28T10:01:35.323,,61.01323240000056,-35.02,122,2026-05-28T09:46:05.520,2026-05-28T10:01:35.520,,0.19570930000008957
61.341845699999794,61.341845699999794,1.9254e-05,116,2026-05-28T09:46:05.854,2026-05-28T10:01:35.854,,61.51346250000006,-33.61,123,2026-05-28T09:46:06.022,2026-05-28T10:01:36.022,,0.17161680000026536
61.865979700000025,61.865979700000025,1.5914e-05,117,2026-05-28T09:46:06.371,2026-05-28T10:01:36.371,,62.01345450000008,-35.72,124,2026-05-28T09:46:06.521,2026-05-28T10:01:36.521,,0.14747480000005453
62.389958800000386,62.389958800000386,2.2217e-05,118,2026-05-28T09:46:06.902,2026-05-28T10:01:36.902,,62.51333450000038,-35.19,125,2026-05-28T09:46:07.022,2026-05-28T10:01:37.022,,0.12337569999999687
62.9140539,62.9140539,1.7359e-05,119,2026-05-28T09:46:07.424,2026-05-28T10:01:37.424,,63.01347970000006,-33.65,126,2026-05-28T09:46:07.522,2026-05-28T10:01:37.522,,0.09942580000006274
63.43814879999991,63.43814879999991,1.3768e-05,120,2026-05-28T09:46:07.950,2026-05-28T10:01:37.950,,63.51378250000016,-37.0,127,2026-05-28T09:46:08.026,2026-05-28T10:01:38.026,,0.07563370000025316
63.96213700000044,63.96213700000044,9.527e-06,121,2026-05-28T09:46:08.474,2026-05-28T10:01:38.474,,64.0137321000002,-38.41,128,2026-05-28T09:46:08.526,2026-05-28T10:01:38.526,,0.05159509999975853
64.48618129999977,64.48618129999977,1.2218e-05,122,2026-05-28T09:46:08.991,2026-05-28T10:01:38.991,,64.51344390000031,-36.27,129,2026-05-28T09:46:09.025,2026-05-28T10:01:39.025,,0.02726260000054026
65.0104351,65.0104351,2.6394e-05,123,2026-05-28T09:46:09.523,2026-05-28T10:01:39.523,,65.01344179999978,-37.75,130,2026-05-28T09:46:09.524,2026-05-28T10:01:39.524,,0.003006699999787088
65.53458060000048,65.53458060000048,2.3274e-05,124,2026-05-28T09:46:10.040,2026-05-28T10:01:40.040,,65.51367019999998,-39.99,131,2026-05-28T09:46:10.021,2026-05-28T10:01:40.021,,-0.020910400000502705
66.0586045,66.0586045,2.0782e-05,125,2026-05-28T09:46:10.568,2026-05-28T10:01:40.568,,66.01353089999975,-37.04,132,2026-05-28T09:46:10.518,2026-05-28T10:01:40.518,,-0.045073600000250735
66.58277850000013,66.58277850000013,2.3526e-05,126,2026-05-28T09:46:11.094,2026-05-28T10:01:41.094,,66.51361369999995,-38.73,133,2026-05-28T09:46:11.019,2026-05-28T10:01:41.019,,-0.06916480000018055
67.1069019000006,67.1069019000006,1.9432e-05,127,2026-05-28T09:46:11.611,2026-05-28T10:01:41.611,,67.01334850000057,-38.56,134,2026-05-28T09:46:11.521,2026-05-28T10:01:41.521,,-0.09355340000001888
67.6312226,67.6312226,1.8196e-05,128,2026-05-28T09:46:12.139,2026-05-28T10:01:42.139,,67.51365290000012,-37.01,135,2026-05-28T09:46:12.020,2026-05-28T10:01:42.020,,-0.11756969999987632
68.15537320000021,68.15537320000021,2.3892e-05,129,2026-05-28T09:46:12.658,2026-05-28T10:01:42.658,,68.01375180000014,-38.3,136,2026-05-28T09:46:12.524,2026-05-28T10:01:42.524,,-0.1416214000000764
68.6797488000002,68.6797488000002,1.3035e-05,130,2026-05-28T09:46:13.187,2026-05-28T10:01:43.187,,68.5137794000002,-38.98,137,2026-05-28T09:46:13.021,2026-05-28T10:01:43.021,,-0.1659693999999945
69.20405860000028,69.20405860000028,1.8856e-05,131,2026-05-28T09:46:13.714,2026-05-28T10:01:43.714,,69.01380080000035,-38.67,138,2026-05-28T09:46:13.520,2026-05-28T10:01:43.520,,-0.19025779999992665
69.7283408000003,69.7283408000003,1.2689e-05,132,2026-05-28T09:46:14.237,2026-05-28T10:01:44.237,,69.5133321000003,-38.55,139,2026-05-28T09:46:14.021,2026-05-28T10:01:44.021,,-0.2150086999999985
70.25281460000042,70.25281460000042,2.2667e-05,133,2026-05-28T09:46:14.765,2026-05-28T10:01:44.765,,70.01370730000053,-40.32,140,2026-05-28T09:46:14.518,2026-05-28T10:01:44.518,,-0.2391072999998869
70.77697790000002,70.77697790000002,2.1107e-05,134,2026-05-28T09:46:15.287,2026-05-28T10:01:45.287,,71.01377000000048,-38.68,142,2026-05-28T09:46:15.520,2026-05-28T10:01:45.520,,0.23679210000045714
71.30133879999994,71.30133879999994,1.5464e-05,135,2026-05-28T09:46:15.807,2026-05-28T10:01:45.807,,71.51388120000047,-38.84,143,2026-05-28T09:46:16.023,2026-05-28T10:01:46.023,,0.2125424000005296
71.82554970000001,71.82554970000001,2.2206e-05,136,2026-05-28T09:46:16.337,2026-05-28T10:01:46.337,,72.01374130000022,-39.0,144,2026-05-28T09:46:16.521,2026-05-28T10:01:46.521,,0.1881916000002093
72.34967599999982,72.34967599999982,2.1023e-05,137,2026-05-28T09:46:16.858,2026-05-28T10:01:46.858,,72.51331399999981,-39.93,145,2026-05-28T09:46:17.017,2026-05-28T10:01:47.017,,0.16363799999999173
72.87391089999983,72.87391089999983,1.9934e-05,138,2026-05-28T09:46:17.384,2026-05-28T10:01:47.384,,73.01337849999982,-42.28,146,2026-05-28T09:46:17.524,2026-05-28T10:01:47.524,,0.13946759999998903
73.39833120000003,73.39833120000003,2.5965e-05,139,2026-05-28T09:46:17.901,2026-05-28T10:01:47.901,,73.51344250000056,-41.94,147,2026-05-28T09:46:18.021,2026-05-28T10:01:48.021,,0.11511130000053527
73.9224949999998,73.9224949999998,1.3893e-05,140,2026-05-28T09:46:18.432,2026-05-28T10:01:48.432,,74.01335990000007,-40.93,148,2026-05-28T09:46:18.518,2026-05-28T10:01:48.518,,0.0908649000002697
74.44684740000048,74.44684740000048,1.9233e-05,141,2026-05-28T09:46:18.951,2026-05-28T10:01:48.951,,74.51352850000058,-41.61,149,2026-05-28T09:46:19.024,2026-05-28T10:01:49.024,,0.0666811000000962
74.9710143000002,74.9710143000002,2.161e-05,142,2026-05-28T09:46:19.474,2026-05-28T10:01:49.474,,75.01358119999986,-39.21,150,2026-05-28T09:46:19.521,2026-05-28T10:01:49.521,,0.042566899999656016
75.49526109999988,75.49526109999988,7.528e-06,143,2026-05-28T09:46:20.007,2026-05-28T10:01:50.007,,75.51366430000053,-40.54,151,2026-05-28T09:46:20.021,2026-05-28T10:01:50.021,,0.018403200000648212
76.01948630000061,76.01948630000061,1.2187e-05,144,2026-05-28T09:46:20.524,2026-05-28T10:01:50.524,,76.01349470000059,-42.34,152,2026-05-28T09:46:20.524,2026-05-28T10:01:50.524,,-0.005991600000015751
76.54360009999982,76.54360009999982,1.5464e-05,145,2026-05-28T09:46:21.056,2026-05-28T10:01:51.056,,76.5135492999998,-41.55,153,2026-05-28T09:46:21.023,2026-05-28T10:01:51.023,,-0.030050800000026356
77.06786550000015,77.06786550000015,1.4228e-05,146,2026-05-28T09:46:21.574,2026-05-28T10:01:51.574,,77.01324730000033,-43.77,154,2026-05-28T09:46:21.524,2026-05-28T10:01:51.524,,-0.054618199999822536
77.59217330000047,77.59217330000047,8.92e-06,147,2026-05-28T09:46:22.100,2026-05-28T10:01:52.100,,77.51328890000059,-42.51,155,2026-05-28T09:46:22.020,2026-05-28T10:01:52.020,,-0.07888439999987895
78.11645570000019,78.11645570000019,2.0699e-05,148,2026-05-28T09:46:22.622,2026-05-28T10:01:52.622,,78.01330099999996,-40.96,156,2026-05-28T09:46:22.517,2026-05-28T10:01:52.517,,-0.10315470000023197
78.6406705999998,78.6406705999998,2.7064e-05,149,2026-05-28T09:46:23.152,2026-05-28T10:01:53.152,,78.51343480000014,-42.18,157,2026-05-28T09:46:23.024,2026-05-28T10:01:53.024,,-0.12723579999965295
79.1649139000001,79.1649139000001,8.617e-06,150,2026-05-28T09:46:23.677,2026-05-28T10:01:53.677,,79.01341990000037,-42.05,158,2026-05-28T09:46:23.525,2026-05-28T10:01:53.525,,-0.15149399999972957
79.68932930000028,79.68932930000028,1.7642e-05,151,2026-05-28T09:46:24.194,2026-05-28T10:01:54.194,,79.51365570000053,-42.05,159,2026-05-28T09:46:24.024,2026-05-28T10:01:54.024,,-0.17567359999975452
80.2135543000004,80.2135543000004,2.5672e-05,152,2026-05-28T09:46:24.722,2026-05-28T10:01:54.722,,80.01358540000001,-44.43,160,2026-05-28T09:46:24.522,2026-05-28T10:01:54.522,,-0.19996890000038547
80.73774360000061,80.73774360000061,1.0878e-05,153,2026-05-28T09:46:25.248,2026-05-28T10:01:55.248,,80.51362570000038,-45.45,161,2026-05-28T09:46:25.024,2026-05-28T10:01:55.024,,-0.22411790000023757
81.26206410000032,81.26206410000032,2.6729e-05,154,2026-05-28T09:46:25.770,2026-05-28T10:01:55.770,,81.01341930000035,-43.7,162,2026-05-28T09:46:25.524,2026-05-28T10:01:55.524,,-0.24864479999996547
81.78649420000056,81.78649420000056,1.8322e-05,155,2026-05-28T09:46:26.297,2026-05-28T10:01:56.297,,82.01363349999974,-45.11,164,2026-05-28T09:46:26.521,2026-05-28T10:01:56.521,,0.22713929999918037
82.31069449999995,82.31069449999995,1.5841e-05,156,2026-05-28T09:46:26.817,2026-05-28T10:01:56.817,,82.51339100000041,-42.61,165,2026-05-28T09:46:27.020,2026-05-28T10:01:57.020,,0.20269650000045658
82.83500259999983,82.83500259999983,1.828e-05,157,2026-05-28T09:46:27.341,2026-05-28T10:01:57.341,,83.01334889999998,-44.83,166,2026-05-28T09:46:27.521,2026-05-28T10:01:57.521,,0.1783463000001575
83.35926230000041,83.35926230000041,1.5411e-05,158,2026-05-28T09:46:27.868,2026-05-28T10:01:57.868,,83.51322570000048,-45.14,167,2026-05-28T09:46:28.024,2026-05-28T10:01:58.024,,0.15396340000006603
83.88357460000043,83.88357460000043,2.8247e-05,159,2026-05-28T09:46:28.391,2026-05-28T10:01:58.391,,84.01342870000008,-43.37,168,2026-05-28T09:46:28.522,2026-05-28T10:01:58.522,,0.1298540999996476
84.4079700000002,84.4079700000002,9.957e-06,160,2026-05-28T09:46:28.911,2026-05-28T10:01:58.911,,84.51365140000053,-46.48,169,2026-05-28T09:46:29.018,2026-05-28T10:01:59.018,,0.10568140000032145
84.93223180000041,84.93223180000041,1.4961e-05,161,2026-05-28T09:46:29.443,2026-05-28T10:01:59.443,,85.01362040000004,-45.78,170,2026-05-28T09:46:29.525,2026-05-28T10:01:59.525,,0.08138859999962733
85.45650690000002,85.45650690000002,8.575e-06,162,2026-05-28T09:46:29.964,2026-05-28T10:01:59.964,,85.51345070000025,-43.65,171,2026-05-28T09:46:30.021,2026-05-28T10:02:00.021,,0.056943800000226474
85.98093920000065,85.98093920000065,1.5338e-05,163,2026-05-28T09:46:30.488,2026-05-28T10:02:00.488,,86.01359779999984,-45.71,172,2026-05-28T09:46:30.521,2026-05-28T10:02:00.521,,0.03265859999919485
86.50507790000029,86.50507790000029,1.0857e-05,164,2026-05-28T09:46:31.016,2026-05-28T10:02:01.016,,86.51356230000056,-45.29,173,2026-05-28T09:46:31.024,2026-05-28T10:02:01.024,,0.008484400000270398
87.02936599999975,87.02936599999975,8.816e-06,165,2026-05-28T09:46:31.540,2026-05-28T10:02:01.540,,87.0136278,-43.42,174,2026-05-28T09:46:31.526,2026-05-28T10:02:01.526,,-0.015738199999759672
87.55344580000019,87.55344580000019,1.6846e-05,166,2026-05-28T09:46:32.059,2026-05-28T10:02:02.059,,87.51361950000046,-46.59,175,2026-05-28T09:46:32.019,2026-05-28T10:02:02.019,,-0.03982629999973142
88.07756320000044,88.07756320000044,6.931e-06,167,2026-05-28T09:46:32.588,2026-05-28T10:02:02.588,,88.0134736,-49.54,176,2026-05-28T09:46:32.517,2026-05-28T10:02:02.517,,-0.06408960000044317
88.60176700000011,88.60176700000011,-5.612e-06,168,2026-05-28T09:46:33.107,2026-05-28T10:02:03.107,,88.51385000000028,-43.57,177,2026-05-28T09:46:33.021,2026-05-28T10:02:03.021,,-0.08791699999983393
89.1259441000002,89.1259441000002,8.92e-06,169,2026-05-28T09:46:33.638,2026-05-28T10:02:03.638,,89.01340840000012,-45.99,178,2026-05-28T09:46:33.524,2026-05-28T10:02:03.524,,-0.1125357000000804
89.65011159999995,89.65011159999995,4.638e-06,170,2026-05-28T09:46:34.161,2026-05-28T10:02:04.161,,89.51329979999991,-50.24,179,2026-05-28T09:46:34.022,2026-05-28T10:02:04.022,,-0.13681180000003224
90.17442519999986,90.17442519999986,-2.675e-05,171,2026-05-28T09:46:34.680,2026-05-28T10:02:04.680,,90.01380060000065,-44.77,180,2026-05-28T09:46:34.521,2026-05-28T10:02:04.521,,-0.16062459999920975
90.69876280000062,90.69876280000062,-2.0573e-05,172,2026-05-28T09:46:35.204,2026-05-28T10:02:05.204,,90.51362940000035,-45.5,181,2026-05-28T09:46:35.024,2026-05-28T10:02:05.024,,-0.185133400000268
91.22300520000044,91.22300520000044,2.733e-06,173,2026-05-28T09:46:35.731,2026-05-28T10:02:05.731,,91.01352360000055,-49.24,182,2026-05-28T09:46:35.525,2026-05-28T10:02:05.525,,-0.20948159999989002
91.74729060000027,91.74729060000027,8.658e-06,174,2026-05-28T09:46:36.256,2026-05-28T10:02:06.256,,91.51340849999997,-47.98,183,2026-05-28T09:46:36.018,2026-05-28T10:02:06.018,,-0.23388210000030085
92.27162800000042,92.27162800000042,1.6647e-05,175,2026-05-28T09:46:36.783,2026-05-28T10:02:06.783,,92.51359550000052,-49.02,185,2026-05-28T09:46:37.026,2026-05-28T10:02:07.026,,0.2419675000001007
92.79596889999993,92.79596889999993,2.3253e-05,176,2026-05-28T09:46:37.299,2026-05-28T10:02:07.299,,93.01410589999978,-49.62,186,2026-05-28T09:46:37.526,2026-05-28T10:02:07.526,,0.21813699999984237
93.32026760000008,93.32026760000008,1.2093e-05,177,2026-05-28T09:46:37.825,2026-05-28T10:02:07.825,,93.51328009999997,-47.13,187,2026-05-28T09:46:38.023,2026-05-28T10:02:08.023,,0.19301249999989523
93.84471910000048,93.84471910000048,2.6844e-05,178,2026-05-28T09:46:38.355,2026-05-28T10:02:08.355,,94.01350670000011,-49.02,188,2026-05-28T09:46:38.517,2026-05-28T10:02:08.517,,0.16878759999963222
94.3691718,94.3691718,1.516e-05,179,2026-05-28T09:46:38.876,2026-05-28T10:02:08.876,,94.51365780000015,-50.12,189,2026-05-28T09:46:39.022,2026-05-28T10:02:09.022,,0.14448600000014267
94.89331720000064,94.89331720000064,1.8207e-05,180,2026-05-28T09:46:39.398,2026-05-28T10:02:09.398,,95.0133851999999,-47.66,190,2026-05-28T09:46:39.518,2026-05-28T10:02:09.518,,0.12006799999926443
95.41759580000053,95.41759580000053,9.203e-06,181,2026-05-28T09:46:39.924,2026-05-28T10:02:09.924,,95.51365069999974,-48.87,191,2026-05-28T09:46:40.025,2026-05-28T10:02:10.025,,0.09605489999921701
95.9420452000004,95.9420452000004,7.413e-06,182,2026-05-28T09:46:40.451,2026-05-28T10:02:10.451,,96.01320759999999,-50.99,192,2026-05-28T09:46:40.521,2026-05-28T10:02:10.521,,0.07116239999959362
96.4662644,96.4662644,1.9044e-05,183,2026-05-28T09:46:40.973,2026-05-28T10:02:10.973,,96.51353910000034,-47.81,193,2026-05-28T09:46:41.024,2026-05-28T10:02:11.024,,0.04727470000034373
96.99064670000007,96.99064670000007,1.4176e-05,184,2026-05-28T09:46:41.501,2026-05-28T10:02:11.501,,97.01348539999981,-46.07,194,2026-05-28T09:46:41.522,2026-05-28T10:02:11.522,,0.02283869999973831
97.51479300000028,97.51479300000028,2.005e-05,185,2026-05-28T09:46:42.022,2026-05-28T10:02:12.022,,97.51369900000009,-51.87,195,2026-05-28T09:46:42.022,2026-05-28T10:02:12.022,,-0.0010940000001937733
98.03923490000034,98.03923490000034,1.4029e-05,186,2026-05-28T09:46:42.544,2026-05-28T10:02:12.544,,98.01330940000025,-47.96,196,2026-05-28T09:46:42.524,2026-05-28T10:02:12.524,,-0.025925500000084867
98.56345590000001,98.56345590000001,1.6458e-05,187,2026-05-28T09:46:43.070,2026-05-28T10:02:13.070,,98.51352159999988,-47.06,197,2026-05-28T09:46:43.020,2026-05-28T10:02:13.020,,-0.04993430000013177
99.08754750000026,99.08754750000026,2.3201e-05,188,2026-05-28T09:46:43.594,2026-05-28T10:02:13.594,,99.01369710000017,-49.82,198,2026-05-28T09:46:43.524,2026-05-28T10:02:13.524,,-0.07385040000008303
99.61189130000002,99.61189130000002,1.0962e-05,189,2026-05-28T09:46:44.118,2026-05-28T10:02:14.118,,99.51365950000036,-48.65,199,2026-05-28T09:46:44.021,2026-05-28T10:02:14.021,,-0.09823179999966669
100.13624340000024,100.13624340000024,1.8563e-05,190,2026-05-28T09:46:44.649,2026-05-28T10:02:14.649,,100.01365919999989,-47.85,200,2026-05-28T09:46:44.518,2026-05-28T10:02:14.518,,-0.12258420000034675
100.66033779999998,100.66033779999998,2.0563e-05,191,2026-05-28T09:46:45.172,2026-05-28T10:02:15.172,,100.51336730000003,-50.94,201,2026-05-28T09:46:45.024,2026-05-28T10:02:15.024,,-0.14697049999995215
101.18476960000044,101.18476960000044,1.3935e-05,192,2026-05-28T09:46:45.689,2026-05-28T10:02:15.689,,101.01353689999996,-48.36,202,2026-05-28T09:46:45.521,2026-05-28T10:02:15.521,,-0.17123270000047341
101.70898970000053,101.70898970000053,2.4143e-05,193,2026-05-28T09:46:46.221,2026-05-28T10:02:16.221,,101.51365580000038,-48.93,203,2026-05-28T09:46:46.024,2026-05-28T10:02:16.024,,-0.1953339000001506
102.23327330000029,102.23327330000029,8.658e-06,194,2026-05-28T09:46:46.740,2026-05-28T10:02:16.740,,102.01367769999979,-51.71,204,2026-05-28T09:46:46.522,2026-05-28T10:02:16.522,,-0.2195956000005026
102.75746010000057,102.75746010000057,1.3663e-05,195,2026-05-28T09:46:47.269,2026-05-28T10:02:17.269,,102.51365129999976,-51.13,205,2026-05-28T09:46:47.025,2026-05-28T10:02:17.025,,-0.2438088000008065
103.28171269999984,103.28171269999984,1.8971e-05,196,2026-05-28T09:46:47.791,2026-05-28T10:02:17.791,,103.51329140000053,-51.71,207,2026-05-28T09:46:48.025,2026-05-28T10:02:18.025,,0.23157870000068215
103.8059247000001,103.8059247000001,1.782e-05,197,2026-05-28T09:46:48.317,2026-05-28T10:02:18.317,,104.01375100000041,-49.72,208,2026-05-28T09:46:48.524,2026-05-28T10:02:18.524,,0.20782630000030622
104.33037990000048,104.33037990000048,2.2573e-05,198,2026-05-28T09:46:48.840,2026-05-28T10:02:18.840,,104.51338790000045,-49.84,209,2026-05-28T09:46:49.021,2026-05-28T10:02:19.021,,0.18300799999997253
104.85458319999998,104.85458319999998,1.404e-05,199,2026-05-28T09:46:49.360,2026-05-28T10:02:19.360,,105.01335089999975,-51.06,210,2026-05-28T09:46:49.521,2026-05-28T10:02:19.521,,0.15876769999977114
105.37892379999994,105.37892379999994,1.9097e-05,200,2026-05-28T09:46:49.891,2026-05-28T10:02:19.891,,105.51346160000048,-49.98,211,2026-05-28T09:46:50.026,2026-05-28T10:02:20.026,,0.13453780000054394
105.90312619999986,105.90312619999986,2.5243e-05,201,2026-05-28T09:46:50.411,2026-05-28T10:02:20.411,,106.01338080000005,-51.85,212,2026-05-28T09:46:50.521,2026-05-28T10:02:20.521,,0.11025460000018938
106.42747169999984,106.42747169999984,2.0563e-05,202,2026-05-28T09:46:50.937,2026-05-28T10:02:20.937,,106.51346480000029,-52.35,213,2026-05-28T09:46:51.020,2026-05-28T10:02:21.020,,0.0859931000004508
106.95194730000003,106.95194730000003,1.8385e-05,203,2026-05-28T09:46:51.464,2026-05-28T10:02:21.464,,107.01331410000057,-50.71,214,2026-05-28T09:46:51.524,2026-05-28T10:02:21.524,,0.061366800000541843
107.47608070000024,107.47608070000024,1.3799e-05,204,2026-05-28T09:46:51.982,2026-05-28T10:02:21.982,,107.51334000000043,-53.11,215,2026-05-28T09:46:52.022,2026-05-28T10:02:22.022,,0.03725930000018707
108.00040820000049,108.00040820000049,1.4061e-05,205,2026-05-28T09:46:52.513,2026-05-28T10:02:22.513,,108.01337400000011,-52.29,216,2026-05-28T09:46:52.518,2026-05-28T10:02:22.518,,0.012965799999619776
108.52476750000005,108.52476750000005,2.1494e-05,206,2026-05-28T09:46:53.034,2026-05-28T10:02:23.034,,108.51388010000028,-52.0,217,2026-05-28T09:46:53.024,2026-05-28T10:02:23.024,,-0.010887399999774061
109.04895870000018,109.04895870000018,2.2395e-05,207,2026-05-28T09:46:53.553,2026-05-28T10:02:23.553,,109.01328970000031,-52.66,218,2026-05-28T09:46:53.522,2026-05-28T10:02:23.522,,-0.03566899999987072
109.57314150000002,109.57314150000002,2.407e-05,208,2026-05-28T09:46:54.081,2026-05-28T10:02:24.081,,109.51366659999985,-52.67,219,2026-05-28T09:46:54.021,2026-05-28T10:02:24.021,,-0.05947490000016842
110.09724360000018,110.09724360000018,2.0332e-05,209,2026-05-28T09:46:54.604,2026-05-28T10:02:24.604,,110.01372859999992,-51.47,220,2026-05-28T09:46:54.524,2026-05-28T10:02:24.524,,-0.08351500000026135
110.62158880000061,110.62158880000061,1.1663e-05,210,2026-05-28T09:46:55.128,2026-05-28T10:02:25.128,,110.51378449999993,-52.07,221,2026-05-28T09:46:55.018,2026-05-28T10:02:25.018,,-0.10780430000068009
111.14590190000035,111.14590190000035,2.3777e-05,211,2026-05-28T09:46:55.658,2026-05-28T10:02:25.658,,111.01371930000005,-54.13,222,2026-05-28T09:46:55.519,2026-05-28T10:02:25.519,,-0.13218260000030568
111.67007850000027,111.67007850000027,2.161e-05,212,2026-05-28T09:46:56.179,2026-05-28T10:02:26.179,,111.5133636999999,-52.93,223,2026-05-28T09:46:56.020,2026-05-28T10:02:26.020,,-0.15671480000037263
112.19444759999988,112.19444759999988,1.4522e-05,213,2026-05-28T09:46:56.704,2026-05-28T10:02:26.704,,112.01354690000062,-52.49,224,2026-05-28T09:46:56.524,2026-05-28T10:02:26.524,,-0.18090069999925618
112.71884169999976,112.71884169999976,1.5788e-05,214,2026-05-28T09:46:57.222,2026-05-28T10:02:27.222,,112.51377169999978,-54.81,225,2026-05-28T09:46:57.022,2026-05-28T10:02:27.022,,-0.20506999999997788
113.24301650000052,113.24301650000052,1.9107e-05,215,2026-05-28T09:46:57.746,2026-05-28T10:02:27.746,,113.01332790000015,-52.83,226,2026-05-28T09:46:57.524,2026-05-28T10:02:27.524,,-0.2296886000003724
113.76733070000046,113.76733070000046,1.9903e-05,216,2026-05-28T09:46:58.280,2026-05-28T10:02:28.280,,114.01370970000062,-55.27,228,2026-05-28T09:46:58.520,2026-05-28T10:02:28.520,,0.24637900000016089
114.29184170000008,114.29184170000008,1.9285e-05,217,2026-05-28T09:46:58.797,2026-05-28T10:02:28.797,,114.5135478000002,-52.94,229,2026-05-28T09:46:59.025,2026-05-28T10:02:29.025,,0.22170610000011948
114.81610530000034,114.81610530000034,2.9242e-05,218,2026-05-28T09:46:59.324,2026-05-28T10:02:29.324,,115.0133480000004,-51.87,230,2026-05-28T09:46:59.522,2026-05-28T10:02:29.522,,0.19724270000006072
115.3405702,115.3405702,1.8018e-05,219,2026-05-28T09:46:59.850,2026-05-28T10:02:29.850,,115.51347979999991,-56.77,231,2026-05-28T09:47:00.018,2026-05-28T10:02:30.018,,0.17290959999991173
115.86477699999978,115.86477699999978,1.2532e-05,220,2026-05-28T09:47:00.368,2026-05-28T10:02:30.368,,116.01336820000051,-52.49,232,2026-05-28T09:47:00.524,2026-05-28T10:02:30.524,,0.14859120000073744
116.3890849999998,116.3890849999998,2.0835e-05,221,2026-05-28T09:47:00.900,2026-05-28T10:02:30.900,,116.51372970000011,-53.1,233,2026-05-28T09:47:01.021,2026-05-28T10:02:31.021,,0.12464470000031724
116.91319160000057,116.91319160000057,2.4929e-05,222,2026-05-28T09:47:01.424,2026-05-28T10:02:31.424,,117.01375670000016,-57.1,234,2026-05-28T09:47:01.524,2026-05-28T10:02:31.524,,0.10056509999958507
117.43733020000036,117.43733020000036,2.7546e-05,223,2026-05-28T09:47:01.941,2026-05-28T10:02:31.941,,117.51362320000044,-54.72,235,2026-05-28T09:47:02.018,2026-05-28T10:02:32.018,,0.07629300000007788
117.96162280000044,117.96162280000044,2.1473e-05,224,2026-05-28T09:47:02.467,2026-05-28T10:02:32.467,,118.01352600000064,-54.5,236,2026-05-28T09:47:02.518,2026-05-28T10:02:32.518,,0.0519032000001971
118.48602720000054,118.48602720000054,8.03e-06,225,2026-05-28T09:47:02.991,2026-05-28T10:02:32.991,,118.51369950000026,-56.83,237,2026-05-28T09:47:03.021,2026-05-28T10:02:33.021,,0.027672299999721872
119.01019480000014,119.01019480000014,1.6762e-05,226,2026-05-28T09:47:03.517,2026-05-28T10:02:33.517,,119.01334060000045,-54.5,238,2026-05-28T09:47:03.517,2026-05-28T10:02:33.517,,0.003145800000311283
119.53461650000008,119.53461650000008,2.7169e-05,227,2026-05-28T09:47:04.044,2026-05-28T10:02:34.044,,119.51368920000004,-54.46,239,2026-05-28T09:47:04.024,2026-05-28T10:02:34.024,,-0.020927300000039395
120.05878649999977,120.05878649999977,2.408e-05,228,2026-05-28T09:47:04.570,2026-05-28T10:02:34.570,,120.0134920999999,-56.05,240,2026-05-28T09:47:04.523,2026-05-28T10:02:34.523,,-0.04529439999987517
120.58302240000012,120.58302240000012,9.255e-06,229,2026-05-28T09:47:05.094,2026-05-28T10:02:35.094,,120.51380700000027,-54.21,241,2026-05-28T09:47:05.024,2026-05-28T10:02:35.024,,-0.06921539999984816
121.10727039999983,121.10727039999983,1.1998e-05,230,2026-05-28T09:47:05.611,2026-05-28T10:02:35.611,,121.01328920000014,-55.95,242,2026-05-28T09:47:05.521,2026-05-28T10:02:35.521,,-0.09398119999968912
121.63143780000064,121.63143780000064,2.3107e-05,231,2026-05-28T09:47:06.138,2026-05-28T10:02:36.138,,121.51373779999994,-55.3,243,2026-05-28T09:47:06.021,2026-05-28T10:02:36.021,,-0.11770000000069558
122.15578069999992,122.15578069999992,2.9713e-05,232,2026-05-28T09:47:06.661,2026-05-28T10:02:36.661,,122.01350980000007,-54.66,244,2026-05-28T09:47:06.523,2026-05-28T10:02:36.523,,-0.14227089999985765
122.6800903000003,122.6800903000003,1.76e-05,233,2026-05-28T09:47:07.187,2026-05-28T10:02:37.187,,122.51348320000034,-57.88,245,2026-05-28T09:47:07.022,2026-05-28T10:02:37.022,,-0.1666070999999647
123.20422700000017,123.20422700000017,8.208e-06,234,2026-05-28T09:47:07.714,2026-05-28T10:02:37.714,,123.01372720000018,-55.97,246,2026-05-28T09:47:07.523,2026-05-28T10:02:37.523,,-0.19049979999999778
123.72863719999987,123.72863719999987,1.4532e-05,235,2026-05-28T09:47:08.241,2026-05-28T10:02:38.241,,123.5134895000001,-57.16,247,2026-05-28T09:47:08.023,2026-05-28T10:02:38.023,,-0.21514769999976124
124.25279690000025,124.25279690000025,3.5985e-05,236,2026-05-28T09:47:08.756,2026-05-28T10:02:38.756,,124.01351020000038,-56.7,248,2026-05-28T09:47:08.526,2026-05-28T10:02:38.526,,-0.23928669999986596
124.77716390000023,124.77716390000023,1.8448e-05,237,2026-05-28T09:47:09.287,2026-05-28T10:02:39.287,,125.01364540000031,-55.87,250,2026-05-28T09:47:09.526,2026-05-28T10:02:39.526,,0.23648150000008172
125.30135430000064,125.30135430000064,1.0501e-05,238,2026-05-28T09:47:09.807,2026-05-28T10:02:39.807,,125.51339480000024,-55.94,251,2026-05-28T09:47:10.024,2026-05-28T10:02:40.024,,0.21204049999960262
125.82534230000056,125.82534230000056,8.648e-06,239,2026-05-28T09:47:10.334,2026-05-28T10:02:40.334,,126.01353050000034,-56.04,252,2026-05-28T09:47:10.522,2026-05-28T10:02:40.522,,0.18818819999978587
126.34971750000022,126.34971750000022,3.1179e-05,240,2026-05-28T09:47:10.859,2026-05-28T10:02:40.859,,126.51334459999998,-57.5,253,2026-05-28T09:47:11.025,2026-05-28T10:02:41.025,,0.16362709999975777
126.87416949999988,126.87416949999988,2.9253e-05,241,2026-05-28T09:47:11.384,2026-05-28T10:02:41.384,,127.01335710000058,-56.36,254,2026-05-28T09:47:11.521,2026-05-28T10:02:41.521,,0.13918760000069597
127.39854990000003,127.39854990000003,6.983e-06,242,2026-05-28T09:47:11.910,2026-05-28T10:02:41.910,,127.51355729999977,-56.58,255,2026-05-28T09:47:12.017,2026-05-28T10:02:42.017,,0.1150073999997403
127.92283370000041,127.92283370000041,1.0972e-05,243,2026-05-28T09:47:12.432,2026-05-28T10:02:42.432,,128.01355039999999,-57.03,256,2026-05-28T09:47:12.524,2026-05-28T10:02:42.524,,0.09071669999957521
128.44706730000053,128.44706730000053,2.674e-05,244,2026-05-28T09:47:12.956,2026-05-28T10:02:42.956,,128.51354619999984,-57.27,257,2026-05-28T09:47:13.024,2026-05-28T10:02:43.024,,0.06647889999931067
128.97140820000004,128.97140820000004,2.7075e-05,245,2026-05-28T09:47:13.481,2026-05-28T10:02:43.481,,129.0135233000001,-57.63,258,2026-05-28T09:47:13.521,2026-05-28T10:02:43.521,,0.04211510000004637
129.49575370000002,129.49575370000002,1.2396e-05,246,2026-05-28T09:47:14.007,2026-05-28T10:02:44.007,,129.51369859999977,-56.3,259,2026-05-28T09:47:14.017,2026-05-28T10:02:44.017,,0.017944899999747577
130.01979819999997,130.01979819999997,9.632e-06,247,2026-05-28T09:47:14.524,2026-05-28T10:02:44.524,,130.01366409999991,-59.22,260,2026-05-28T09:47:14.524,2026-05-28T10:02:44.524,,-0.006134100000053877
130.54410879999978,130.54410879999978,1.7275e-05,248,2026-05-28T09:47:15.057,2026-05-28T10:02:45.057,,130.51334440000028,-58.41,261,2026-05-28T09:47:15.021,2026-05-28T10:02:45.021,,-0.030764399999497982
131.06853630000023,131.06853630000023,2.8886e-05,249,2026-05-28T09:47:15.574,2026-05-28T10:02:45.574,,131.01362030000018,-57.86,262,2026-05-28T09:47:15.520,2026-05-28T10:02:45.520,,-0.05491600000004837
131.59287740000036,131.59287740000036,2.7881e-05,250,2026-05-28T09:47:16.100,2026-05-28T10:02:46.100,,131.51336530000026,-60.2,263,2026-05-28T09:47:16.023,2026-05-28T10:02:46.023,,-0.07951210000010178
132.11730220000027,132.11730220000027,1.3904e-05,251,2026-05-28T09:47:16.627,2026-05-28T10:02:46.627,,132.01378790000035,-57.91,264,2026-05-28T09:47:16.518,2026-05-28T10:02:46.518,,-0.10351429999991524
132.64148170000044,132.64148170000044,1.1768e-05,252,2026-05-28T09:47:17.151,2026-05-28T10:02:47.151,,132.51366899999994,-56.5,265,2026-05-28T09:47:17.023,2026-05-28T10:02:47.023,,-0.12781270000050426
133.1659096000003,133.1659096000003,1.627e-05,253,2026-05-28T09:47:17.671,2026-05-28T10:02:47.671,,133.01367269999992,-59.87,266,2026-05-28T09:47:17.521,2026-05-28T10:02:47.521,,-0.15223690000038914
133.68996900000002,133.68996900000002,2.5389e-05,254,2026-05-28T09:47:18.197,2026-05-28T10:02:48.197,,133.51329559999976,-57.06,267,2026-05-28T09:47:18.017,2026-05-28T10:02:48.017,,-0.17667340000025433
134.21402519999992,134.21402519999992,9.737e-06,255,2026-05-28T09:47:18.724,2026-05-28T10:02:48.724,,134.01355250000051,-58.65,268,2026-05-28T09:47:18.517,2026-05-28T10:02:48.517,,-0.2004726999994091
134.7383620999999,134.7383620999999,2.6834e-05,256,2026-05-28T09:47:19.247,2026-05-28T10:02:49.247,,134.5134453999999,-58.53,269,2026-05-28T09:47:19.026,2026-05-28T10:02:49.026,,-0.2249166999999943
135.26285999999982,135.26285999999982,2.3149e-05,257,2026-05-28T09:47:19.770,2026-05-28T10:02:49.770,,135.01355330000024,-57.58,270,2026-05-28T09:47:19.520,2026-05-28T10:02:49.520,,-0.249306699999579
135.78701400000045,135.78701400000045,3.8581e-05,258,2026-05-28T09:47:20.296,2026-05-28T10:02:50.296,,136.01369330000034,-59.42,272,2026-05-28T09:47:20.526,2026-05-28T10:02:50.526,,0.226679299999887
136.31138030000056,136.31138030000056,1.717e-05,259,2026-05-28T09:47:20.817,2026-05-28T10:02:50.817,,136.51351669999985,-59.02,273,2026-05-28T09:47:21.017,2026-05-28T10:02:51.017,,0.20213639999929
136.83582960000058,136.83582960000058,1.181e-05,260,2026-05-28T09:47:21.348,2026-05-28T10:02:51.348,,137.0133151,-60.68,274,2026-05-28T09:47:21.524,2026-05-28T10:02:51.524,,0.17748549999942043
137.3599589000005,137.3599589000005,1.9861e-05,261,2026-05-28T09:47:21.870,2026-05-28T10:02:51.870,,137.51362549999976,-58.75,275,2026-05-28T09:47:22.021,2026-05-28T10:02:52.021,,0.15366659999926924
137.88442699999996,137.88442699999996,2.3536e-05,262,2026-05-28T09:47:22.388,2026-05-28T10:02:52.388,,138.01362030000018,-59.56,276,2026-05-28T09:47:22.524,2026-05-28T10:02:52.524,,0.12919330000022455
138.40863119999995,138.40863119999995,2.7944e-05,263,2026-05-28T09:47:22.911,2026-05-28T10:02:52.911,,138.51342000000022,-60.01,277,2026-05-28T09:47:23.023,2026-05-28T10:02:53.023,,0.10478880000027857
138.9329034000002,138.9329034000002,6.585e-06,264,2026-05-28T09:47:23.438,2026-05-28T10:02:53.438,,139.0132549,-58.88,278,2026-05-28T09:47:23.518,2026-05-28T10:02:53.518,,0.08035149999977875
139.4570889000006,139.4570889000006,3.8424e-05,265,2026-05-28T09:47:23.967,2026-05-28T10:02:53.967,,139.51373680000052,-61.45,279,2026-05-28T09:47:24.018,2026-05-28T10:02:54.018,,0.05664789999991626
139.98116070000015,139.98116070000015,8.313e-06,266,2026-05-28T09:47:24.493,2026-05-28T10:02:54.493,,140.01360850000037,-59.59,280,2026-05-28T09:47:24.523,2026-05-28T10:02:54.523,,0.03244780000022729
140.50548380000055,140.50548380000055,2.4091e-05,267,2026-05-28T09:47:25.017,2026-05-28T10:02:55.017,,140.5137248000001,-59.65,281,2026-05-28T09:47:25.017,2026-05-28T10:02:55.017,,0.008240999999543419
141.0298112999999,141.0298112999999,1.7715e-05,268,2026-05-28T09:47:25.540,2026-05-28T10:02:55.540,,141.01341070000035,-60.75,282,2026-05-28T09:47:25.522,2026-05-28T10:02:55.522,,-0.016400599999542465
141.55399370000032,141.55399370000032,1.5129e-05,269,2026-05-28T09:47:26.057,2026-05-28T10:02:56.057,,141.51375720000033,-60.46,283,2026-05-28T09:47:26.018,2026-05-28T10:02:56.018,,-0.04023649999999179
142.0781252000006,142.0781252000006,9.36e-06,270,2026-05-28T09:47:26.582,2026-05-28T10:02:56.582,,142.0135054000002,-60.98,284,2026-05-28T09:47:26.518,2026-05-28T10:02:56.518,,-0.06461980000040057
142.6022751999999,142.6022751999999,3.2917e-05,271,2026-05-28T09:47:27.115,2026-05-28T10:02:57.115,,142.51366469999994,-60.31,285,2026-05-28T09:47:27.023,2026-05-28T10:02:57.023,,-0.08861049999995885
143.12651809999988,143.12651809999988,2.0814e-05,272,2026-05-28T09:47:27.638,2026-05-28T10:02:57.638,,143.01346920000015,-61.12,286,2026-05-28T09:47:27.517,2026-05-28T10:02:57.517,,-0.11304889999973966
143.65098730000045,143.65098730000045,2.2353e-05,273,2026-05-28T09:47:28.159,2026-05-28T10:02:58.159,,143.51359930000035,-60.11,287,2026-05-28T09:47:28.024,2026-05-28T10:02:58.024,,-0.13738800000010087
144.17509539999992,144.17509539999992,2.0919e-05,274,2026-05-28T09:47:28.687,2026-05-28T10:02:58.687,,144.0134654000003,-61.9,288,2026-05-28T09:47:28.517,2026-05-28T10:02:58.517,,-0.16162999999960448
144.6994838999999,144.6994838999999,1.7893e-05,275,2026-05-28T09:47:29.208,2026-05-28T10:02:59.208,,144.51332170000023,-60.63,289,2026-05-28T09:47:29.018,2026-05-28T10:02:59.018,,-0.18616219999967143
145.22373880000032,145.22373880000032,2.6698e-05,276,2026-05-28T09:47:29.736,2026-05-28T10:02:59.736,,145.0137364000002,-59.81,290,2026-05-28T09:47:29.524,2026-05-28T10:02:59.524,,-0.21000240000012127
145.74817510000048,145.74817510000048,1.5223e-05,277,2026-05-28T09:47:30.258,2026-05-28T10:03:00.258,,145.51362419999987,-62.52,291,2026-05-28T09:47:30.021,2026-05-28T10:03:00.021,,-0.23455090000061318
146.27251429999978,146.27251429999978,9.999e-06,278,2026-05-28T09:47:30.785,2026-05-28T10:03:00.785,,146.51331649999975,-60.54,293,2026-05-28T09:47:31.026,2026-05-28T10:03:01.026,,0.24080219999996189
146.79673880000064,146.79673880000064,1.4689e-05,279,2026-05-28T09:47:31.303,2026-05-28T10:03:01.303,,147.01349160000063,-66.64,294,2026-05-28T09:47:31.519,2026-05-28T10:03:01.519,,0.21675279999999475
147.3210766000002,147.3210766000002,1.8228e-05,280,2026-05-28T09:47:31.829,2026-05-28T10:03:01.829,,147.51333330000034,-65.39,295,2026-05-28T09:47:32.023,2026-05-28T10:03:02.023,,0.1922567000001436
147.8452425000005,147.8452425000005,2.073e-05,281,2026-05-28T09:47:32.351,2026-05-28T10:03:02.351,,148.0137579000002,-71.16,296,2026-05-28T09:47:32.517,2026-05-28T10:03:02.517,,0.16851539999970555
148.3693613000005,148.3693613000005,1.8741e-05,282,2026-05-28T09:47:32.875,2026-05-28T10:03:02.875,,148.51332850000017,-71.07,297,2026-05-28T09:47:33.024,2026-05-28T10:03:03.024,,0.143967199999679
148.89365290000023,148.89365290000023,1.8144e-05,283,2026-05-28T09:47:33.400,2026-05-28T10:03:03.400,,149.0134039000004,-71.46,298,2026-05-28T09:47:33.525,2026-05-28T10:03:03.525,,0.11975100000017846
149.41808159999982,149.41808159999982,4.889e-06,284,2026-05-28T09:47:33.928,2026-05-28T10:03:03.928,,149.51370000000043,-73.38,299,2026-05-28T09:47:34.021,2026-05-28T10:03:04.021,,0.09561840000060329
149.94223340000008,149.94223340000008,2.2447e-05,285,2026-05-28T09:47:34.453,2026-05-28T10:03:04.453,,150.0136966,-72.71,300,2026-05-28T09:47:34.524,2026-05-28T10:03:04.524,,0.07146319999992556
150.46649090000028,150.46649090000028,2.3337e-05,286,2026-05-28T09:47:34.979,2026-05-28T10:03:04.979,,150.51354439999977,-72.66,301,2026-05-28T09:47:35.026,2026-05-28T10:03:05.026,,0.04705349999949249
150.99068270000043,150.99068270000043,6.858e-06,287,2026-05-28T09:47:35.494,2026-05-28T10:03:05.494,,151.0133708000003,-73.85,302,2026-05-28T09:47:35.524,2026-05-28T10:03:05.524,,0.022688099999868427
151.51512270000057,151.51512270000057,1.8689e-05,288,2026-05-28T09:47:36.022,2026-05-28T10:03:06.022,,151.51357330000064,-73.21,303,2026-05-28T09:47:36.022,2026-05-28T10:03:06.022,,-0.0015493999999307562
152.03920149999976,152.03920149999976,2.072e-05,289,2026-05-28T09:47:36.548,2026-05-28T10:03:06.548,,152.01320730000043,-73.79,304,2026-05-28T09:47:36.518,2026-05-28T10:03:06.518,,-0.025994199999331613
152.56352490000063,152.56352490000063,1.8259e-05,290,2026-05-28T09:47:37.074,2026-05-28T10:03:07.074,,152.51356660000056,-73.7,305,2026-05-28T09:47:37.024,2026-05-28T10:03:07.024,,-0.049958300000071176
153.0876646000006,153.0876646000006,7.318e-06,291,2026-05-28T09:47:37.590,2026-05-28T10:03:07.590,,153.01364639999974,-73.55,306,2026-05-28T09:47:37.521,2026-05-28T10:03:07.521,,-0.07401820000086445
153.61192160000064,153.61192160000064,7.967e-06,292,2026-05-28T09:47:38.117,2026-05-28T10:03:08.117,,153.5133096999998,-73.61,307,2026-05-28T09:47:38.017,2026-05-28T10:03:08.017,,-0.09861190000083297
154.13622020000003,154.13622020000003,3.1849e-05,293,2026-05-28T09:47:38.648,2026-05-28T10:03:08.648,,154.0138268999999,-73.84,308,2026-05-28T09:47:38.523,2026-05-28T10:03:08.523,,-0.1223933000001125
154.66056050000043,154.66056050000043,2.6656e-05,294,2026-05-28T09:47:39.171,2026-05-28T10:03:09.171,,154.51368210000055,-73.96,309,2026-05-28T09:47:39.021,2026-05-28T10:03:09.021,,-0.14687839999987773
155.18481130000055,155.18481130000055,2.3588e-05,295,2026-05-28T09:47:39.697,2026-05-28T10:03:09.697,,155.01348080000025,-73.84,310,2026-05-28T09:47:39.518,2026-05-28T10:03:09.518,,-0.1713305000002947
155.7092300000004,155.7092300000004,2.5996e-05,296,2026-05-28T09:47:40.214,2026-05-28T10:03:10.214,,155.5133335999999,-74.02,311,2026-05-28T09:47:40.018,2026-05-28T10:03:10.018,,-0.19589640000049258
156.23341549999986,156.23341549999986,1.025e-05,297,2026-05-28T09:47:40.736,2026-05-28T10:03:10.736,,156.01372510000056,-73.7,312,2026-05-28T09:47:40.521,2026-05-28T10:03:10.521,,-0.21969039999930828
156.75767900000028,156.75767900000028,1.0239e-05,298,2026-05-28T09:47:41.270,2026-05-28T10:03:11.270,,156.5134480000006,-74.02,313,2026-05-28T09:47:41.017,2026-05-28T10:03:11.017,,-0.24423099999967235
157.28193269999974,157.28193269999974,1.9212e-05,299,2026-05-28T09:47:41.787,2026-05-28T10:03:11.787,,157.51355550000062,-73.96,315,2026-05-28T09:47:42.026,2026-05-28T10:03:12.026,,0.23162280000087776
157.80630139999994,157.80630139999994,9.946e-06,300,2026-05-28T09:47:42.317,2026-05-28T10:03:12.317,,158.0136278,-73.78,316,2026-05-28T09:47:42.519,2026-05-28T10:03:12.519,,0.2073264000000563
158.33069549999982,158.33069549999982,3.528e-06,301,2026-05-28T09:47:42.834,2026-05-28T10:03:12.834,,158.51346580000063,-73.68,317,2026-05-28T09:47:43.025,2026-05-28T10:03:13.025,,0.1827703000008114
158.8548440000004,158.8548440000004,2.8289e-05,302,2026-05-28T09:47:43.367,2026-05-28T10:03:13.367,,159.0135965999998,-73.93,318,2026-05-28T09:47:43.520,2026-05-28T10:03:13.520,,0.15875259999938862
159.37926779999998,159.37926779999998,2.6091e-05,303,2026-05-28T09:47:43.888,2026-05-28T10:03:13.888,,159.51365970000006,-73.91,319,2026-05-28T09:47:44.024,2026-05-28T10:03:14.024,,0.1343919000000824
159.90346450000015,159.90346450000015,2.1149e-05,304,2026-05-28T09:47:44.411,2026-05-28T10:03:14.411,,160.01359050000065,-74.04,320,2026-05-28T09:47:44.521,2026-05-28T10:03:14.521,,0.11012600000049133
160.42778840000028,160.42778840000028,1.4469e-05,305,2026-05-28T09:47:44.938,2026-05-28T10:03:14.938,,160.51371259999996,-73.84,321,2026-05-28T09:47:45.018,2026-05-28T10:03:15.018,,0.08592419999968115
160.95189430000028,160.95189430000028,1.6343e-05,306,2026-05-28T09:47:45.457,2026-05-28T10:03:15.457,,161.01373020000028,-74.01,322,2026-05-28T09:47:45.518,2026-05-28T10:03:15.518,,0.061835900000005495
161.47643590000007,161.47643590000007,2.6593e-05,307,2026-05-28T09:47:45.988,2026-05-28T10:03:15.988,,161.51353199999994,-73.93,323,2026-05-28T09:47:46.021,2026-05-28T10:03:16.021,,0.03709609999987151
162.00072369999998,162.00072369999998,1.9997e-05,308,2026-05-28T09:47:46.513,2026-05-28T10:03:16.513,,162.01339710000047,-74.05,324,2026-05-28T09:47:46.517,2026-05-28T10:03:16.517,,0.01267340000049444
162.52484090000053,162.52484090000053,1.7359e-05,309,2026-05-28T09:47:47.034,2026-05-28T10:03:17.034,,162.5134509999998,-74.03,325,2026-05-28T09:47:47.024,2026-05-28T10:03:17.024,,-0.011389900000722264
163.0491837999998,163.0491837999998,1.7631e-05,310,2026-05-28T09:47:47.560,2026-05-28T10:03:17.560,,163.0134506000004,-74.15,326,2026-05-28T09:47:47.521,2026-05-28T10:03:17.521,,-0.035733199999413046
163.57348880000063,163.57348880000063,1.6008e-05,311,2026-05-28T09:47:48.081,2026-05-28T10:03:18.081,,163.51327560000027,-73.93,327,2026-05-28T09:47:48.018,2026-05-28T10:03:18.018,,-0.06021320000036212
164.09788160000062,164.09788160000062,2.2678e-05,312,2026-05-28T09:47:48.603,2026-05-28T10:03:18.603,,164.0136379000005,-74.08,328,2026-05-28T09:47:48.523,2026-05-28T10:03:18.523,,-0.0842437000001155
164.6220745999999,164.6220745999999,1.94e-05,313,2026-05-28T09:47:49.134,2026-05-28T10:03:19.134,,164.51366409999991,-73.92,329,2026-05-28T09:47:49.024,2026-05-28T10:03:19.024,,-0.10841049999999086
165.14642790000016,165.14642790000016,1.6029e-05,314,2026-05-28T09:47:49.658,2026-05-28T10:03:19.658,,165.0136991999998,-74.02,330,2026-05-28T09:47:49.521,2026-05-28T10:03:19.521,,-0.13272870000037074
165.67077100000006,165.67077100000006,-1.1245e-05,315,2026-05-28T09:47:50.178,2026-05-28T10:03:20.178,,165.5133364000003,-74.03,331,2026-05-28T09:47:50.024,2026-05-28T10:03:20.024,,-0.1574345999997604
166.19493890000012,166.19493890000012,-5.528e-06,316,2026-05-28T09:47:50.701,2026-05-28T10:03:20.701,,166.01369020000038,-73.89,332,2026-05-28T09:47:50.521,2026-05-28T10:03:20.521,,-0.1812486999997418
166.71900499999992,166.71900499999992,1.7129e-05,317,2026-05-28T09:47:51.227,2026-05-28T10:03:21.227,,166.51359709999997,-73.99,333,2026-05-28T09:47:51.018,2026-05-28T10:03:21.018,,-0.20540789999995468
167.24330259999988,167.24330259999988,3.0352e-05,318,2026-05-28T09:47:51.755,2026-05-28T10:03:21.755,,167.0135110000001,-73.97,334,2026-05-28T09:47:51.523,2026-05-28T10:03:21.523,,-0.22979159999977128
167.76770589999978,167.76770589999978,2.3913e-05,319,2026-05-28T09:47:52.280,2026-05-28T10:03:22.280,,168.01359969999976,-73.93,336,2026-05-28T09:47:52.526,2026-05-28T10:03:22.526,,0.24589379999997618
168.2919406000001,168.2919406000001,2.341e-05,320,2026-05-28T09:47:52.803,2026-05-28T10:03:22.803,,168.51378540000042,-73.98,337,2026-05-28T09:47:53.025,2026-05-28T10:03:23.025,,0.22184480000032636
168.81641020000006,168.81641020000006,1.181e-05,321,2026-05-28T09:47:53.327,2026-05-28T10:03:23.327,,169.01333260000047,-74.0,338,2026-05-28T09:47:53.517,2026-05-28T10:03:23.517,,0.19692240000040329
169.3406554000003,169.3406554000003,1.3799e-05,322,2026-05-28T09:47:53.847,2026-05-28T10:03:23.847,,169.51350450000064,-74.04,339,2026-05-28T09:47:54.024,2026-05-28T10:03:24.024,,0.1728491000003487
169.8649873000004,169.8649873000004,2.763e-05,323,2026-05-28T09:47:54.374,2026-05-28T10:03:24.374,,170.0134192000005,-73.95,340,2026-05-28T09:47:54.521,2026-05-28T10:03:24.521,,0.1484319000001051
170.38946110000052,170.38946110000052,2.6855e-05,324,2026-05-28T09:47:54.899,2026-05-28T10:03:24.899,,170.5138192000004,-74.0,341,2026-05-28T09:47:55.019,2026-05-28T10:03:25.019,,0.12435809999988123
170.91342309999982,170.91342309999982,2.362e-05,325,2026-05-28T09:47:55.424,2026-05-28T10:03:25.424,,171.0134936000004,-73.96,342,2026-05-28T09:47:55.524,2026-05-28T10:03:25.524,,0.1000705000005837
171.4375469000006,171.4375469000006,7.601e-06,326,2026-05-28T09:47:55.941,2026-05-28T10:03:25.941,,171.51376170000003,-73.97,343,2026-05-28T09:47:56.018,2026-05-28T10:03:26.018,,0.07621479999943404
171.9620077999998,171.9620077999998,1.3087e-05,327,2026-05-28T09:47:56.474,2026-05-28T10:03:26.474,,172.01349970000047,-73.96,344,2026-05-28T09:47:56.524,2026-05-28T10:03:26.524,,0.05149190000065573
172.48647849999998,172.48647849999998,2.9975e-05,328,2026-05-28T09:47:56.990,2026-05-28T10:03:26.990,,172.51331750000008,-73.93,345,2026-05-28T09:47:57.022,2026-05-28T10:03:27.022,,0.02683900000010908
173.01057200000014,173.01057200000014,4.5575e-05,329,2026-05-28T09:47:57.522,2026-05-28T10:03:27.522,,173.0136919000006,-73.96,346,2026-05-28T09:47:57.525,2026-05-28T10:03:27.525,,0.003119900000456255
173.53468750000047,173.53468750000047,7.8e-06,330,2026-05-28T09:47:58.041,2026-05-28T10:03:28.041,,173.51330289999987,-73.95,347,2026-05-28T09:47:58.021,2026-05-28T10:03:28.021,,-0.021384600000601495
174.05897150000055,174.05897150000055,5.874e-06,331,2026-05-28T09:47:58.570,2026-05-28T10:03:28.570,,174.01330060000055,-73.89,348,2026-05-28T09:47:58.521,2026-05-28T10:03:28.521,,-0.04567090000000462
174.5831416000001,174.5831416000001,2.1735e-05,332,2026-05-28T09:47:59.094,2026-05-28T10:03:29.094,,174.51350999999977,-73.87,349,2026-05-28T09:47:59.024,2026-05-28T10:03:29.024,,-0.06963160000032076
175.1075649000004,175.1075649000004,3.1116e-05,333,2026-05-28T09:47:59.610,2026-05-28T10:03:29.610,,175.0137478000006,-73.84,350,2026-05-28T09:47:59.521,2026-05-28T10:03:29.521,,-0.09381709999979648
175.63181200000054,175.63181200000054,3.6665e-05,334,2026-05-28T09:48:00.138,2026-05-28T10:03:30.138,,175.51334920000045,-73.81,351,2026-05-28T09:48:00.017,2026-05-28T10:03:30.017,,-0.11846280000008846
176.1560709000005,176.1560709000005,1.5537e-05,335,2026-05-28T09:48:00.668,2026-05-28T10:03:30.668,,176.01374490000035,-73.88,352,2026-05-28T09:48:00.524,2026-05-28T10:03:30.524,,-0.14232600000013917
176.68052499999976,176.68052499999976,1.181e-05,336,2026-05-28T09:48:01.191,2026-05-28T10:03:31.191,,176.51340080000045,-73.74,353,2026-05-28T09:48:01.022,2026-05-28T10:03:31.022,,-0.16712419999930717
177.2047265000001,177.2047265000001,1.4972e-05,337,2026-05-28T09:48:01.707,2026-05-28T10:03:31.707,,177.0135522999999,-73.85,354,2026-05-28T09:48:01.517,2026-05-28T10:03:31.517,,-0.19117420000020502
177.72884290000002,177.72884290000002,2.7305e-05,338,2026-05-28T09:48:02.234,2026-05-28T10:03:32.234,,177.51347290000012,-73.73,355,2026-05-28T09:48:02.024,2026-05-28T10:03:32.024,,-0.21536999999989348
178.25315670000055,178.25315670000055,3.1357e-05,339,2026-05-28T09:48:02.765,2026-05-28T10:03:32.765,,178.01349840000057,-73.77,356,2026-05-28T09:48:02.523,2026-05-28T10:03:32.523,,-0.23965829999997368
178.77759359999982,178.77759359999982,1.5914e-05,340,2026-05-28T09:48:03.287,2026-05-28T10:03:33.287,,179.01334190000034,-73.7,358,2026-05-28T09:48:03.526,2026-05-28T10:03:33.526,,0.23574830000052316
179.30169569999998,179.30169569999998,1.5945e-05,341,2026-05-28T09:48:03.812,2026-05-28T10:03:33.812,,179.5136981000005,-73.69,359,2026-05-28T09:48:04.018,2026-05-28T10:03:34.018,,0.21200240000052872
179.82617279999977,179.82617279999977,1.5747e-05,342,2026-05-28T09:48:04.337,2026-05-28T10:03:34.337,,180.0134609000006,-73.71,360,2026-05-28T09:48:04.517,2026-05-28T10:03:34.517,,0.18728810000084195
180.35061020000012,180.35061020000012,2.073e-05,343,2026-05-28T09:48:04.855,2026-05-28T10:03:34.855,,180.51358299999993,-73.73,361,2026-05-28T09:48:05.020,2026-05-28T10:03:35.020,,0.16297279999980674
180.8748112000003,180.8748112000003,2.2081e-05,344,2026-05-28T09:48:05.381,2026-05-28T10:03:35.381,,181.0137734,-73.69,362,2026-05-28T09:48:05.520,2026-05-28T10:03:35.520,,0.13896219999969617
181.39919210000062,181.39919210000062,1.8448e-05,345,2026-05-28T09:48:05.907,2026-05-28T10:03:35.907,,181.51335050000034,-73.66,363,2026-05-28T09:48:06.024,2026-05-28T10:03:36.024,,0.11415839999972377
181.92362830000002,181.92362830000002,1.5432e-05,346,2026-05-28T09:48:06.434,2026-05-28T10:03:36.434,,182.01359610000054,-73.65,364,2026-05-28T09:48:06.522,2026-05-28T10:03:36.522,,0.0899678000005224
182.44775800000025,182.44775800000025,2.0029e-05,347,2026-05-28T09:48:06.957,2026-05-28T10:03:36.957,,182.51327949999995,-73.63,365,2026-05-28T09:48:07.024,2026-05-28T10:03:37.024,,0.06552149999970425
182.97213610000017,182.97213610000017,1.8217e-05,348,2026-05-28T09:48:07.484,2026-05-28T10:03:37.484,,183.01384810000036,-73.66,366,2026-05-28T09:48:07.523,2026-05-28T10:03:37.523,,0.04171200000018871
183.4963748,183.4963748,2.0782e-05,349,2026-05-28T09:48:08.001,2026-05-28T10:03:38.001,,183.5133219999998,-73.62,367,2026-05-28T09:48:08.021,2026-05-28T10:03:38.021,,0.016947199999776785
184.02066840000043,184.02066840000043,2.0762e-05,350,2026-05-28T09:48:08.523,2026-05-28T10:03:38.523,,184.0136493,-73.58,368,2026-05-28T09:48:08.523,2026-05-28T10:03:38.523,,-0.007019100000434264
184.54475280000042,184.54475280000042,1.9296e-05,351,2026-05-28T09:48:09.050,2026-05-28T10:03:39.050,,184.5136738000001,-73.64,369,2026-05-28T09:48:09.022,2026-05-28T10:03:39.022,,-0.031079000000318047
185.06885390000025,185.06885390000025,2.0468e-05,352,2026-05-28T09:48:09.573,2026-05-28T10:03:39.573,,185.01355800000056,-73.64,370,2026-05-28T09:48:09.525,2026-05-28T10:03:39.525,,-0.055295899999691756
185.59321330000057,185.59321330000057,1.4228e-05,353,2026-05-28T09:48:10.101,2026-05-28T10:03:40.101,,185.5136382999999,-73.58,371,2026-05-28T09:48:10.023,2026-05-28T10:03:40.023,,-0.0795750000006592
186.11751240000012,186.11751240000012,1.9547e-05,354,2026-05-28T09:48:10.627,2026-05-28T10:03:40.627,,186.0137050000003,-73.61,372,2026-05-28T09:48:10.523,2026-05-28T10:03:40.523,,-0.10380739999982325
186.64184490000025,186.64184490000025,2.2489e-05,355,2026-05-28T09:48:11.148,2026-05-28T10:03:41.148,,186.51363610000044,-73.58,373,2026-05-28T09:48:11.023,2026-05-28T10:03:41.023,,-0.12820879999981116
187.16624030000003,187.16624030000003,1.9934e-05,356,2026-05-28T09:48:11.677,2026-05-28T10:03:41.677,,187.01378060000025,-73.62,374,2026-05-28T09:48:11.524,2026-05-28T10:03:41.524,,-0.15245969999978115
187.69039789999988,187.69039789999988,1.4982e-05,357,2026-05-28T09:48:12.194,2026-05-28T10:03:42.194,,187.51358710000022,-73.58,375,2026-05-28T09:48:12.025,2026-05-28T10:03:42.025,,-0.17681079999965732
188.21465239999998,188.21465239999998,1.5788e-05,358,2026-05-28T09:48:12.727,2026-05-28T10:03:42.727,,188.01342600000044,-73.48,376,2026-05-28T09:48:12.526,2026-05-28T10:03:42.526,,-0.20122639999954117
188.73892070000056,188.73892070000056,1.9673e-05,359,2026-05-28T09:48:13.242,2026-05-28T10:03:43.242,,188.51374510000005,-73.55,377,2026-05-28T09:48:13.019,2026-05-28T10:03:43.019,,-0.22517560000051162
189.26303830000052,189.26303830000052,2.3704e-05,360,2026-05-28T09:48:13.770,2026-05-28T10:03:43.770,,189.01346569999987,-73.56,378,2026-05-28T09:48:13.524,2026-05-28T10:03:43.524,,-0.24957260000064707
189.7873838000005,189.7873838000005,1.9097e-05,361,2026-05-28T09:48:14.296,2026-05-28T10:03:44.296,,189.51379760000054,-73.51,379,2026-05-28T09:48:14.020,2026-05-28T10:03:44.020,,-0.27358619999995426
190.31182679999984,190.31182679999984,1.381e-05,362,2026-05-28T09:48:14.814,2026-05-28T10:03:44.814,,189.51379760000054,-73.51,379,2026-05-28T09:48:14.020,2026-05-28T10:03:44.020,,-0.7980291999992914
